date;item_id;prediction
2024-01-01;11200;221.00322
2024-01-02;11200;193.8036
2024-01-03;11200;238.01434
2024-01-04;11200;212.97821
2024-01-05;11200;234.39272
2024-01-06;11200;238.23357
2024-01-07;11200;221.02705
2024-01-08;11200;223.64304
2024-01-09;11200;213.32571
2024-01-10;11200;219.95383
2024-01-11;11200;253.15192
2024-01-12;11200;216.08664
2024-01-13;11200;230.77744
2024-01-14;11200;240.10188
2024-01-15;11200;235.0952
2024-01-16;11200;239.52243
2024-01-17;11200;226.85931
2024-01-18;11200;237.26408
2024-01-19;11200;223.49963
2024-01-20;11200;199.11494
2024-01-21;11200;200.1795
2024-01-22;11200;216.5595
2024-01-23;11200;217.71358
2024-01-24;11200;189.43488
2024-01-25;11200;154.7791
2024-01-26;11200;182.57953
2024-01-27;11200;187.85545
2024-01-28;11200;179.06348
2024-01-29;11200;188.42068
2024-01-30;11200;217.92636
2024-01-31;11200;211.65808
2024-01-01;100001;4.8064513
2024-01-02;100001;4.1312227
2024-01-03;100001;4.816888
2024-01-04;100001;4.831462
2024-01-05;100001;4.6258373
2024-01-06;100001;5.1244564
2024-01-07;100001;4.1798496
2024-01-08;100001;5.133181
2024-01-09;100001;5.3840375
2024-01-10;100001;5.3475876
2024-01-11;100001;4.711645
2024-01-12;100001;4.215269
2024-01-13;100001;3.6953523
2024-01-14;100001;5.263907
2024-01-15;100001;5.0014644
2024-01-16;100001;4.9843025
2024-01-17;100001;4.9794464
2024-01-18;100001;4.9741983
2024-01-19;100001;4.921875
2024-01-20;100001;5.2017207
2024-01-21;100001;5.4750667
2024-01-22;100001;5.244892
2024-01-23;100001;4.874166
2024-01-24;100001;4.8185353
2024-01-25;100001;4.6557384
2024-01-26;100001;4.8423753
2024-01-27;100001;4.787912
2024-01-28;100001;4.3479843
2024-01-29;100001;5.6576695
2024-01-30;100001;4.2359114
2024-01-31;100001;4.753997
2024-01-01;100003;2.009026
2024-01-02;100003;3.6110363
2024-01-03;100003;2.666429
2024-01-04;100003;3.1982248
2024-01-05;100003;3.202921
2024-01-06;100003;3.4500792
2024-01-07;100003;3.4355059
2024-01-08;100003;2.7498405
2024-01-09;100003;3.42507
2024-01-10;100003;3.9662063
2024-01-11;100003;2.833887
2024-01-12;100003;3.4065301
2024-01-13;100003;3.8163543
2024-01-14;100003;3.553911
2024-01-15;100003;3.5367494
2024-01-16;100003;3.4743237
2024-01-17;100003;4.0275145
2024-01-18;100003;3.79734
2024-01-19;100003;3.4711657
2024-01-20;100003;3.3682663
2024-01-21;100003;3.2054706
2024-01-22;100003;3.392106
2024-01-23;100003;2.7101011
2024-01-24;100003;4.131857
2024-01-25;100003;3.8582268
2024-01-26;100003;2.6351297
2024-01-27;100003;3.248175
2024-01-28;100003;3.5318944
2024-01-29;100003;3.5266466
2024-01-30;100003;3.7420504
2024-01-31;100003;3.7541695
2024-01-01;100006;2.7459564
2024-01-02;100006;3.9690537
2024-01-03;100006;4.242686
2024-01-04;100006;2.82093
2024-01-05;100006;3.4273918
2024-01-06;100006;3.240755
2024-01-07;100006;3.4035516
2024-01-08;100006;3.5064511
2024-01-09;100006;4.0017185
2024-01-10;100006;4.231893
2024-01-11;100006;3.9585466
2024-01-12;100006;3.587278
2024-01-13;100006;3.6396005
2024-01-14;100006;3.1519706
2024-01-15;100006;3.6448483
2024-01-16;100006;3.666866
2024-01-17;100006;3.929308
2024-01-18;100006;3.519484
2024-01-19;100006;2.9468412
2024-01-20;100006;4.0791597
2024-01-21;100006;3.5380235
2024-01-22;100006;2.8627954
2024-01-23;100006;3.6540966
2024-01-24;100006;3.7075508
2024-01-25;100006;3.4603922
2024-01-26;100006;3.4556954
2024-01-27;100006;2.9238994
2024-01-28;100006;3.8685064
2024-01-29;100006;3.6497045
2024-01-30;100006;2.0933254
2024-01-31;100006;3.9995198
2024-01-01;100010;3.1523635
2024-01-02;100010;3.234887
2024-01-03;100010;3.482045
2024-01-04;100010;3.4285905
2024-01-05;100010;2.7429254
2024-01-06;100010;3.4181533
2024-01-07;100010;2.8269718
2024-01-08;100010;3.3996139
2024-01-09;100010;3.8094385
2024-01-10;100010;3.5469956
2024-01-11;100010;3.5298343
2024-01-12;100010;3.5249784
2024-01-13;100010;3.5197306
2024-01-14;100010;3.4674075
2024-01-15;100010;3.8701549
2024-01-16;100010;4.143501
2024-01-17;100010;3.9133265
2024-01-18;100010;3.4180593
2024-01-19;100010;3.3151598
2024-01-20;100010;3.6430001
2024-01-21;100010;3.339
2024-01-22;100010;2.7325382
2024-01-23;100010;4.1542935
2024-01-24;100010;3.880662
2024-01-25;100010;2.6575649
2024-01-26;100010;3.0635788
2024-01-27;100010;2.0049338
2024-01-28;100010;3.774014
2024-01-29;100010;3.2301896
2024-01-30;100010;2.6983936
2024-01-31;100010;3.9592896
2024-01-01;100035;8.396032
2024-01-02;100035;9.321881
2024-01-03;100035;8.3772745
2024-01-04;100035;8.9958105
2024-01-05;100035;9.000508
2024-01-06;100035;8.910675
2024-01-07;100035;8.896101
2024-01-08;100035;8.210436
2024-01-09;100035;8.885662
2024-01-10;100035;7.3373823
2024-01-11;100035;8.362671
2024-01-12;100035;8.97706
2024-01-13;100035;9.386886
2024-01-14;100035;9.124441
2024-01-15;100035;9.107281
2024-01-16;100035;9.102426
2024-01-17;100035;9.426799
2024-01-18;100035;9.097179
2024-01-19;100035;9.398229
2024-01-20;100035;8.0505085
2024-01-21;100035;9.273605
2024-01-22;100035;9.547239
2024-01-23;100035;8.350792
2024-01-24;100035;8.8497
2024-01-25;100035;9.036337
2024-01-26;100035;9.012496
2024-01-27;100035;8.819427
2024-01-28;100035;9.314693
2024-01-29;100035;9.689471
2024-01-30;100035;9.416125
2024-01-31;100035;9.044854
2024-01-01;100045;1.5305551
2024-01-02;100045;2.0959234
2024-01-03;100045;2.4279509
2024-01-04;100045;2.1977763
2024-01-05;100045;1.7246541
2024-01-06;100045;1.4224461
2024-01-07;100045;1.213913
2024-01-08;100045;1.446287
2024-01-09;100045;0.8398219
2024-01-10;100045;2.26158
2024-01-11;100045;1.9879466
2024-01-12;100045;0.80790037
2024-01-13;100045;1.7769767
2024-01-14;100045;1.2596499
2024-01-15;100045;1.7822244
2024-01-16;100045;0.15526718
2024-01-17;100045;1.8042415
2024-01-18;100045;1.7870803
2024-01-19;100045;1.8668073
2024-01-20;100045;1.7904626
2024-01-21;100045;0.8458559
2024-01-22;100045;1.4690878
2024-01-23;100045;1.7004117
2024-01-24;100045;1.4643903
2024-01-25;100045;1.0001723
2024-01-26;100045;1.6754
2024-01-27;100045;2.2165358
2024-01-28;100045;1.0842184
2024-01-29;100045;1.6568607
2024-01-30;100045;2.066685
2024-01-31;100045;1.6858377
2024-01-01;100046;1.1070839
2024-01-02;100046;1.8099458
2024-01-03;100046;1.8271073
2024-01-04;100046;2.0895507
2024-01-05;100046;1.6797262
2024-01-06;100046;2.2394016
2024-01-07;100046;0.86872154
2024-01-08;100046;1.0230378
2024-01-09;100046;1.7087033
2024-01-10;100046;1.7232772
2024-01-11;100046;1.4919533
2024-01-12;100046;1.4872558
2024-01-13;100046;1.6982656
2024-01-14;100046;1.7998422
2024-01-15;100046;1.8050901
2024-01-16;100046;2.1187892
2024-01-17;100046;2.4508162
2024-01-18;100046;2.220642
2024-01-19;100046;1.5534207
2024-01-20;100046;1.4453117
2024-01-21;100046;1.2825154
2024-01-22;100046;1.4691526
2024-01-23;100046;0.86268747
2024-01-24;100046;2.2844458
2024-01-25;100046;2.0108118
2024-01-26;100046;0.830766
2024-01-27;100046;1.2367785
2024-01-28;100046;0.17813271
2024-01-29;100046;1.8133281
2024-01-30;100046;1.7475196
2024-01-31;100046;1.8896728
2024-01-01;100050;1.9761208
2024-01-02;100050;1.8997757
2024-01-03;100050;1.5737029
2024-01-04;100050;1.5784005
2024-01-05;100050;1.8097239
2024-01-06;100050;1.795151
2024-01-07;100050;1.109486
2024-01-08;100050;1.7847135
2024-01-09;100050;2.3258488
2024-01-10;100050;1.1935304
2024-01-11;100050;1.7661732
2024-01-12;100050;2.175997
2024-01-13;100050;1.9135544
2024-01-14;100050;1.8963931
2024-01-15;100050;0.9551683
2024-01-16;100050;1.8915381
2024-01-17;100050;1.8681939
2024-01-18;100050;2.2394633
2024-01-19;100050;2.545209
2024-01-20;100050;2.315034
2024-01-21;100050;1.6478133
2024-01-22;100050;1.5397046
2024-01-23;100050;1.3769082
2024-01-24;100050;1.5635452
2024-01-25;100050;0.95707935
2024-01-26;100050;2.3788376
2024-01-27;100050;2.1052046
2024-01-28;100050;0.92515796
2024-01-29;100050;1.8862901
2024-01-30;100050;1.3311708
2024-01-31;100050;0.2725256
2024-01-01;100126;14.410929
2024-01-02;100126;9.557986
2024-01-03;100126;10.404906
2024-01-04;100126;12.642308
2024-01-05;100126;7.698381
2024-01-06;100126;7.8890786
2024-01-07;100126;9.84936
2024-01-08;100126;1.6618495
2024-01-09;100126;1.769958
2024-01-10;100126;2.4371796
2024-01-11;100126;2.667354
2024-01-12;100126;2.361608
2024-01-13;100126;1.9903389
2024-01-14;100126;9.49476
2024-01-15;100126;13.617803
2024-01-16;100126;2.0084352
2024-01-17;100126;2.0185387
2024-01-18;100126;2.0357
2024-01-19;100126;2.2981427
2024-01-20;100126;1.8883183
2024-01-21;100126;1.3156759
2024-01-22;100126;14.672401
2024-01-23;100126;14.344403
2024-01-24;100126;14.543907
2024-01-25;100126;14.797241
2024-01-26;100126;14.726071
2024-01-27;100126;14.6223345
2024-01-28;100126;14.559916
2024-01-29;100126;14.271543
2024-01-30;100126;2.0136833
2024-01-31;100126;9.323907
2024-01-01;100139;1.7317783
2024-01-02;100139;0.19927025
2024-01-03;100139;1.7634574
2024-01-04;100139;0.81885093
2024-01-05;100139;1.4373862
2024-01-06;100139;1.4420831
2024-01-07;100139;1.7189357
2024-01-08;100139;1.7043618
2024-01-09;100139;1.0186968
2024-01-10;100139;1.6939247
2024-01-11;100139;2.0160682
2024-01-12;100139;1.557557
2024-01-13;100139;1.4744185
2024-01-14;100139;2.0385017
2024-01-15;100139;2.212251
2024-01-16;100139;1.6915201
2024-01-17;100139;1.507042
2024-01-18;100139;1.7937678
2024-01-19;100139;2.7774992
2024-01-20;100139;1.2897369
2024-01-21;100139;1.317566
2024-01-22;100139;1.4032918
2024-01-23;100139;1.2537197
2024-01-24;100139;1.4403569
2024-01-25;100139;0.8338911
2024-01-26;100139;2.2556496
2024-01-27;100139;1.9820162
2024-01-28;100139;0.8519024
2024-01-29;100139;1.2579153
2024-01-30;100139;1.3541576
2024-01-31;100139;1.8398025
2024-01-01;100140;2.5741863
2024-01-02;100140;1.8133683
2024-01-03;100140;1.9761354
2024-01-04;100140;1.745792
2024-01-05;100140;1.3062321
2024-01-06;100140;1.7948779
2024-01-07;100140;1.7086296
2024-01-08;100140;1.5385226
2024-01-09;100140;1.9879509
2024-01-10;100140;2.415694
2024-01-11;100140;1.283376
2024-01-12;100140;1.8560189
2024-01-13;100140;2.2658427
2024-01-14;100140;2.0033998
2024-01-15;100140;1.9862384
2024-01-16;100140;1.9813831
2024-01-17;100140;2.4688196
2024-01-18;100140;1.9580386
2024-01-19;100140;2.329308
2024-01-20;100140;2.6026545
2024-01-21;100140;2.37248
2024-01-22;100140;1.7052587
2024-01-23;100140;1.5971502
2024-01-24;100140;2.0904675
2024-01-25;100140;2.6163666
2024-01-26;100140;3.3154562
2024-01-27;100140;3.5071647
2024-01-28;100140;2.807855
2024-01-29;100140;2.533474
2024-01-30;100140;2.7222593
2024-01-31;100140;1.5620046
2024-01-01;100165;17.496853
2024-01-02;100165;29.572495
2024-01-03;100165;32.14731
2024-01-04;100165;17.088333
2024-01-05;100165;16.472666
2024-01-06;100165;17.0912
2024-01-07;100165;17.095894
2024-01-08;100165;17.378057
2024-01-09;100165;17.363485
2024-01-10;100165;16.677822
2024-01-11;100165;17.353048
2024-01-12;100165;17.894186
2024-01-13;100165;16.761862
2024-01-14;100165;17.33451
2024-01-15;100165;17.729748
2024-01-16;100165;31.377834
2024-01-17;100165;17.467304
2024-01-18;100165;17.4989
2024-01-19;100165;17.493652
2024-01-20;100165;17.44133
2024-01-21;100165;17.812595
2024-01-22;100165;18.37471
2024-01-23;100165;18.17014
2024-01-24;100165;33.58311
2024-01-25;100165;32.963463
2024-01-26;100165;32.050583
2024-01-27;100165;32.57245
2024-01-28;100165;32.355656
2024-01-29;100165;33.027695
2024-01-30;100165;17.450142
2024-01-31;100165;31.488832
2024-01-01;100176;10.871857
2024-01-02;100176;10.125118
2024-01-03;100176;10.064983
2024-01-04;100176;10.602911
2024-01-05;100176;10.607609
2024-01-06;100176;10.8821945
2024-01-07;100176;10.86762
2024-01-08;100176;10.181955
2024-01-09;100176;10.857182
2024-01-10;100176;11.398318
2024-01-11;100176;10.266001
2024-01-12;100176;10.838645
2024-01-13;100176;11.134301
2024-01-14;100176;10.854696
2024-01-15;100176;9.066471
2024-01-16;100176;10.998917
2024-01-17;100176;11.080476
2024-01-18;100176;11.451747
2024-01-19;100176;11.725093
2024-01-20;100176;11.520521
2024-01-21;100176;11.2813635
2024-01-22;100176;11.16066
2024-01-23;100176;10.997864
2024-01-24;100176;11.184501
2024-01-25;100176;10.578037
2024-01-26;100176;11.999795
2024-01-27;100176;11.520112
2024-01-28;100176;10.304127
2024-01-29;100176;11.132801
2024-01-30;100176;11.009591
2024-01-31;100176;11.0859375
2024-01-01;100181;1.9096814
2024-01-02;100181;1.3370583
2024-01-03;100181;2.1470327
2024-01-04;100181;2.4206655
2024-01-05;100181;0.9989089
2024-01-06;100181;1.5647779
2024-01-07;100181;1.3781407
2024-01-08;100181;1.5409374
2024-01-09;100181;1.7295381
2024-01-10;100181;2.2727656
2024-01-11;100181;2.4908655
2024-01-12;100181;2.19308
2024-01-13;100181;1.8218106
2024-01-14;100181;1.8741342
2024-01-15;100181;1.8793819
2024-01-16;100181;0.9310467
2024-01-17;100181;1.9268428
2024-01-18;100181;1.999459
2024-01-19;100181;1.8612729
2024-01-20;100181;0.9166663
2024-01-21;100181;1.5970414
2024-01-22;100181;1.6017393
2024-01-23;100181;1.8208634
2024-01-24;100181;0.27841467
2024-01-25;100181;1.1206242
2024-01-26;100181;1.7958515
2024-01-27;100181;2.3537242
2024-01-28;100181;1.2214065
2024-01-29;100181;1.7940497
2024-01-30;100181;1.8062893
2024-01-31;100181;2.1892855
2024-01-01;100182;2.0561724
2024-01-02;100182;2.4274418
2024-01-03;100182;2.7252264
2024-01-04;100182;2.507127
2024-01-05;100182;1.9638994
2024-01-06;100182;1.7991396
2024-01-07;100182;1.6125029
2024-01-08;100182;2.108495
2024-01-09;100182;1.2185233
2024-01-10;100182;2.67377
2024-01-11;100182;2.4001367
2024-01-12;100182;1.7752987
2024-01-13;100182;2.1137428
2024-01-14;100182;2.0284104
2024-01-15;100182;2.1612039
2024-01-16;100182;2.423647
2024-01-17;100182;1.4557679
2024-01-18;100182;2.5880861
2024-01-19;100182;2.0302124
2024-01-20;100182;2.233821
2024-01-21;100182;2.0406516
2024-01-22;100182;2.0552244
2024-01-23;100182;1.8361003
2024-01-24;100182;1.8314033
2024-01-25;100182;1.1510283
2024-01-26;100182;2.095635
2024-01-27;100182;1.1841513
2024-01-28;100182;2.1440425
2024-01-29;100182;1.3549864
2024-01-30;100182;0.5315187
2024-01-31;100182;1.590163
2024-01-01;100184;0.5586518
2024-01-02;100184;1.2112842
2024-01-03;100184;1.6172962
2024-01-04;100184;2.4272697
2024-01-05;100184;2.700903
2024-01-06;100184;1.2791458
2024-01-07;100184;1.8856101
2024-01-08;100184;1.6989739
2024-01-09;100184;1.8617702
2024-01-10;100184;2.0503695
2024-01-11;100184;2.8116975
2024-01-12;100184;2.6181262
2024-01-13;100184;2.2468567
2024-01-14;100184;2.2991793
2024-01-15;100184;2.3044271
2024-01-16;100184;2.5935981
2024-01-17;100184;2.3518882
2024-01-18;100184;8.502327
2024-01-19;100184;2.3347268
2024-01-20;100184;1.341712
2024-01-21;100184;2.0220869
2024-01-22;100184;2.026784
2024-01-23;100184;2.2459075
2024-01-24;100184;2.231334
2024-01-25;100184;9.233612
2024-01-26;100184;2.2208967
2024-01-27;100184;2.6143312
2024-01-28;100184;2.77877
2024-01-29;100184;1.6464511
2024-01-30;100184;2.2190948
2024-01-31;100184;1.5456687
2024-01-01;100188;2.4007685
2024-01-02;100188;2.698553
2024-01-03;100188;2.4804537
2024-01-04;100188;1.9372262
2024-01-05;100188;1.748626
2024-01-06;100188;1.7724664
2024-01-07;100188;1.166002
2024-01-08;100188;2.5877585
2024-01-09;100188;2.3141258
2024-01-10;100188;1.0981402
2024-01-11;100188;2.029499
2024-01-12;100188;1.5858296
2024-01-13;100188;2.0818217
2024-01-14;100188;2.2071476
2024-01-15;100188;2.1173692
2024-01-16;100188;2.1345305
2024-01-17;100188;2.3969736
2024-01-18;100188;2.001737
2024-01-19;100188;1.4290944
2024-01-20;100188;2.5614123
2024-01-21;100188;2.003539
2024-01-22;100188;1.3283135
2024-01-23;100188;2.013978
2024-01-24;100188;2.028551
2024-01-25;100188;1.809427
2024-01-26;100188;1.8047299
2024-01-27;100188;1.124355
2024-01-28;100188;2.0870695
2024-01-29;100188;2.0689616
2024-01-30;100188;0.44550776
2024-01-31;100188;1.504152
2024-01-01;100192;2.2684317
2024-01-02;100192;1.565436
2024-01-03;100192;1.1594244
2024-01-04;100192;2.3754094
2024-01-05;100192;2.6490426
2024-01-06;100192;1.2272861
2024-01-07;100192;1.8337498
2024-01-08;100192;1.6471137
2024-01-09;100192;1.8099098
2024-01-10;100192;1.9985101
2024-01-11;100192;2.5417378
2024-01-12;100192;2.7598372
2024-01-13;100192;2.4620526
2024-01-14;100192;2.090783
2024-01-15;100192;2.1431057
2024-01-16;100192;2.1483536
2024-01-17;100192;2.1786532
2024-01-18;100192;2.1958146
2024-01-19;100192;2.4582577
2024-01-20;100192;2.0630212
2024-01-21;100192;1.4903785
2024-01-22;100192;2.6226969
2024-01-23;100192;2.0648232
2024-01-24;100192;1.3895966
2024-01-25;100192;2.0752618
2024-01-26;100192;2.0898347
2024-01-27;100192;1.8707106
2024-01-28;100192;1.8660135
2024-01-29;100192;0.50679183
2024-01-30;100192;1.1856394
2024-01-31;100192;2.1302457
2024-01-01;100193;1.1856394
2024-01-02;100193;2.1302457
2024-01-03;100193;0.50679183
2024-01-04;100193;1.565436
2024-01-05;100193;1.1594244
2024-01-06;100193;2.3754094
2024-01-07;100193;2.6490426
2024-01-08;100193;1.2272861
2024-01-09;100193;1.8337498
2024-01-10;100193;1.6471137
2024-01-11;100193;1.8099098
2024-01-12;100193;1.9985101
2024-01-13;100193;2.5417378
2024-01-14;100193;2.7598372
2024-01-15;100193;2.4620526
2024-01-16;100193;2.1431057
2024-01-17;100193;2.2684317
2024-01-18;100193;2.090783
2024-01-19;100193;1.8707106
2024-01-20;100193;2.0898347
2024-01-21;100193;2.0752618
2024-01-22;100193;1.3895966
2024-01-23;100193;2.0648232
2024-01-24;100193;1.8660135
2024-01-25;100193;1.4903785
2024-01-26;100193;2.0630212
2024-01-27;100193;2.4582577
2024-01-28;100193;2.1958146
2024-01-29;100193;2.1786532
2024-01-30;100193;2.1483536
2024-01-31;100193;2.6226969
2024-01-01;100225;1.9963975
2024-01-02;100225;1.8077972
2024-01-03;100225;1.645001
2024-01-04;100225;1.8316371
2024-01-05;100225;1.2251734
2024-01-06;100225;1.1573117
2024-01-07;100225;2.3732967
2024-01-08;100225;1.5633233
2024-01-09;100225;0.5046791
2024-01-10;100225;2.230175
2024-01-11;100225;2.5396252
2024-01-12;100225;2.091989
2024-01-13;100225;2.64693
2024-01-14;100225;2.7215805
2024-01-15;100225;2.0247645
2024-01-16;100225;2.0525265
2024-01-17;100225;2.104849
2024-01-18;100225;2.110097
2024-01-19;100225;2.1403966
2024-01-20;100225;2.157558
2024-01-21;100225;2.420001
2024-01-22;100225;1.452122
2024-01-23;100225;2.5844402
2024-01-24;100225;2.0265665
2024-01-25;100225;1.3513403
2024-01-26;100225;2.037005
2024-01-27;100225;2.051578
2024-01-28;100225;1.832454
2024-01-29;100225;1.1473826
2024-01-30;100225;2.423796
2024-01-31;100225;1.8277569
2024-01-01;100227;1.8277569
2024-01-02;100227;0.5046791
2024-01-03;100227;1.1473826
2024-01-04;100227;1.832454
2024-01-05;100227;2.051578
2024-01-06;100227;2.037005
2024-01-07;100227;1.3513403
2024-01-08;100227;2.0265665
2024-01-09;100227;2.5844402
2024-01-10;100227;1.452122
2024-01-11;100227;2.0247645
2024-01-12;100227;2.420001
2024-01-13;100227;2.157558
2024-01-14;100227;2.1403966
2024-01-15;100227;2.110097
2024-01-16;100227;2.104849
2024-01-17;100227;2.0525265
2024-01-18;100227;2.423796
2024-01-19;100227;2.7215805
2024-01-20;100227;2.5396252
2024-01-21;100227;1.9963975
2024-01-22;100227;1.8077972
2024-01-23;100227;1.645001
2024-01-24;100227;1.8316371
2024-01-25;100227;1.2251734
2024-01-26;100227;2.64693
2024-01-27;100227;2.3732967
2024-01-28;100227;1.1573117
2024-01-29;100227;1.5633233
2024-01-30;100227;2.230175
2024-01-31;100227;2.091989
2024-01-01;100228;1.5633233
2024-01-02;100228;2.5396252
2024-01-03;100228;1.1573117
2024-01-04;100228;0.5046791
2024-01-05;100228;2.3732967
2024-01-06;100228;2.64693
2024-01-07;100228;1.2251734
2024-01-08;100228;1.8316371
2024-01-09;100228;1.645001
2024-01-10;100228;1.8077972
2024-01-11;100228;1.9963975
2024-01-12;100228;2.7215805
2024-01-13;100228;2.423796
2024-01-14;100228;2.0525265
2024-01-15;100228;2.110097
2024-01-16;100228;2.1403966
2024-01-17;100228;2.104849
2024-01-18;100228;2.420001
2024-01-19;100228;2.230175
2024-01-20;100228;2.091989
2024-01-21;100228;1.1473826
2024-01-22;100228;1.8277569
2024-01-23;100228;1.832454
2024-01-24;100228;2.157558
2024-01-25;100228;2.037005
2024-01-26;100228;2.051578
2024-01-27;100228;2.0265665
2024-01-28;100228;2.5844402
2024-01-29;100228;1.452122
2024-01-30;100228;2.0247645
2024-01-31;100228;1.3513403
2024-01-01;100245;6.093214
2024-01-02;100245;5.4049387
2024-01-03;100245;6.110376
2024-01-04;100245;6.3728185
2024-01-05;100245;5.9775815
2024-01-06;100245;6.5372577
2024-01-07;100245;5.100199
2024-01-08;100245;5.3041563
2024-01-09;100245;5.9898214
2024-01-10;100245;6.004395
2024-01-11;100245;5.785271
2024-01-12;100245;6.0920043
2024-01-13;100245;5.979385
2024-01-14;100245;6.039681
2024-01-15;100245;6.1829915
2024-01-16;100245;6.7087355
2024-01-17;100245;6.5081434
2024-01-18;100245;5.964915
2024-01-19;100245;5.6895223
2024-01-20;100245;5.5267253
2024-01-21;100245;5.713362
2024-01-22;100245;5.106898
2024-01-23;100245;6.528656
2024-01-24;100245;6.2550244
2024-01-25;100245;5.0390368
2024-01-26;100245;5.4450493
2024-01-27;100245;4.059276
2024-01-28;100245;6.044806
2024-01-29;100245;6.4109507
2024-01-30;100245;5.7805743
2024-01-31;100245;6.0972524
2024-01-01;100257;10.953246
2024-01-02;100257;3.3767395
2024-01-03;100257;4.592726
2024-01-04;100257;4.866358
2024-01-05;100257;3.4446013
2024-01-06;100257;4.051064
2024-01-07;100257;3.8644276
2024-01-08;100257;4.027224
2024-01-09;100257;4.3026166
2024-01-10;100257;11.848615
2024-01-11;100257;11.89714
2024-01-12;100257;12.000427
2024-01-13;100257;8.871864
2024-01-14;100257;3.7827504
2024-01-15;100257;8.71898
2024-01-16;100257;4.517397
2024-01-17;100257;4.7798395
2024-01-18;100257;4.3846025
2024-01-19;100257;3.8119597
2024-01-20;100257;4.9442787
2024-01-21;100257;4.386406
2024-01-22;100257;3.7111773
2024-01-23;100257;4.443243
2024-01-24;100257;4.4578166
2024-01-25;100257;4.2386923
2024-01-26;100257;4.2339954
2024-01-27;100257;3.55362
2024-01-28;100257;9.330675
2024-01-29;100257;4.4982276
2024-01-30;100257;2.724107
2024-01-31;100257;4.6364126
2024-01-01;100259;4.5790257
2024-01-02;100259;4.8526573
2024-01-03;100259;3.4309008
2024-01-04;100259;4.0373635
2024-01-05;100259;3.850727
2024-01-06;100259;4.0135236
2024-01-07;100259;4.288916
2024-01-08;100259;11.557601
2024-01-09;100259;11.606126
2024-01-10;100259;11.709414
2024-01-11;100259;10.662232
2024-01-12;100259;8.58085
2024-01-13;100259;8.427964
2024-01-14;100259;2.710406
2024-01-15;100259;4.622712
2024-01-16;100259;3.363039
2024-01-17;100259;4.766139
2024-01-18;100259;4.370902
2024-01-19;100259;3.79826
2024-01-20;100259;4.930578
2024-01-21;100259;4.3727055
2024-01-22;100259;3.6974769
2024-01-23;100259;4.4295425
2024-01-24;100259;4.444116
2024-01-25;100259;4.224992
2024-01-26;100259;4.220295
2024-01-27;100259;3.53992
2024-01-28;100259;4.484527
2024-01-29;100259;4.5036964
2024-01-30;100259;9.039661
2024-01-31;100259;3.76905
2024-01-01;100346;46.8607
2024-01-02;100346;50.64405
2024-01-03;100346;47.908497
2024-01-04;100346;44.75628
2024-01-05;100346;50.531082
2024-01-06;100346;50.516514
2024-01-07;100346;49.830845
2024-01-08;100346;50.506084
2024-01-09;100346;46.865273
2024-01-10;100346;43.43111
2024-01-11;100346;44.334717
2024-01-12;100346;44.729954
2024-01-13;100346;44.46751
2024-01-14;100346;50.300083
2024-01-15;100346;45.555305
2024-01-16;100346;45.436653
2024-01-17;100346;46.910336
2024-01-18;100346;46.711075
2024-01-19;100346;45.81667
2024-01-20;100346;46.182697
2024-01-21;100346;47.71578
2024-01-22;100346;47.989414
2024-01-23;100346;46.56766
2024-01-24;100346;46.962658
2024-01-25;100346;47.174126
2024-01-26;100346;47.511673
2024-01-27;100346;48.256374
2024-01-28;100346;48.799606
2024-01-29;100346;48.765213
2024-01-30;100346;53.25686
2024-01-31;100346;47.348877
2024-01-01;100348;1.7062389
2024-01-02;100348;-0.4781959
2024-01-03;100348;1.4326057
2024-01-04;100348;0.17443642
2024-01-05;100348;0.8909459
2024-01-06;100348;1.0162388
2024-01-07;100348;1.1790354
2024-01-08;100348;1.2445345
2024-01-09;100348;1.852182
2024-01-10;100348;2.0777278
2024-01-11;100348;1.7799432
2024-01-12;100348;0.7588122
2024-01-13;100348;0.81113577
2024-01-14;100348;1.259974
2024-01-15;100348;3.8182902
2024-01-16;100348;3.842382
2024-01-17;100348;0.28448114
2024-01-18;100348;3.9016767
2024-01-19;100348;4.2089696
2024-01-20;100348;3.5733466
2024-01-21;100348;3.3563466
2024-01-22;100348;2.8407888
2024-01-23;100348;3.342912
2024-01-24;100348;3.3133066
2024-01-25;100348;2.7366047
2024-01-26;100348;3.2727714
2024-01-27;100348;2.7444715
2024-01-28;100348;4.172843
2024-01-29;100348;4.015317
2024-01-30;100348;0.58044827
2024-01-31;100348;3.6163285
2024-01-01;100354;6.7724805
2024-01-02;100354;7.4956965
2024-01-03;100354;6.1146574
2024-01-04;100354;7.5832567
2024-01-05;100354;8.248548
2024-01-06;100354;8.926501
2024-01-07;100354;3.8746967
2024-01-08;100354;4.100243
2024-01-09;100354;3.8024583
2024-01-10;100354;2.7813263
2024-01-11;100354;2.8336492
2024-01-12;100354;3.2824874
2024-01-13;100354;5.1643076
2024-01-14;100354;5.0060825
2024-01-15;100354;6.027933
2024-01-16;100354;4.89365
2024-01-17;100354;5.151983
2024-01-18;100354;4.857404
2024-01-19;100354;4.2217827
2024-01-20;100354;3.9011564
2024-01-21;100354;3.6470983
2024-01-22;100354;4.1207724
2024-01-23;100354;4.2070203
2024-01-24;100354;3.5060198
2024-01-25;100354;4.271326
2024-01-26;100354;3.661453
2024-01-27;100354;5.0217843
2024-01-28;100354;7.687983
2024-01-29;100354;6.9568496
2024-01-30;100354;4.741779
2024-01-31;100354;6.4168515
2024-01-01;100370;3.8870268
2024-01-02;100370;4.2930393
2024-01-03;100370;5.145197
2024-01-04;100370;3.2343936
2024-01-05;100370;5.418828
2024-01-06;100370;3.9970703
2024-01-07;100370;4.78962
2024-01-08;100370;4.9643703
2024-01-09;100370;4.9596877
2024-01-10;100370;5.003647
2024-01-11;100370;2.421754
2024-01-12;100370;4.9141884
2024-01-13;100370;5.323328
2024-01-14;100370;4.1575956
2024-01-15;100370;4.061315
2024-01-16;100370;3.0954816
2024-01-17;100370;4.4687486
2024-01-18;100370;4.924817
2024-01-19;100370;3.6346736
2024-01-20;100370;4.981805
2024-01-21;100370;5.1199894
2024-01-22;100370;4.037198
2024-01-23;100370;4.722269
2024-01-24;100370;5.366571
2024-01-25;100370;4.717572
2024-01-26;100370;3.6709268
2024-01-27;100370;4.3461537
2024-01-28;100370;5.0076537
2024-01-29;100370;3.8961062
2024-01-30;100370;5.187259
2024-01-31;100370;5.351998
2024-01-01;100375;1.4548366
2024-01-02;100375;1.4738051
2024-01-03;100375;0.9011621
2024-01-04;100375;2.0127091
2024-01-05;100375;0.77960944
2024-01-06;100375;1.4965799
2024-01-07;100375;1.45617
2024-01-08;100375;1.2370459
2024-01-09;100375;1.2323484
2024-01-10;100375;0.5519731
2024-01-11;100375;1.9649975
2024-01-12;100375;1.6347653
2024-01-13;100375;1.4415962
2024-01-14;100375;1.7025547
2024-01-15;100375;2.2793076
2024-01-16;100375;1.6656914
2024-01-17;100375;1.7137176
2024-01-18;100375;1.6613946
2024-01-19;100375;1.9084878
2024-01-20;100375;2.131436
2024-01-21;100375;1.5237886
2024-01-22;100375;1.330575
2024-01-23;100375;1.1677784
2024-01-24;100375;1.3544149
2024-01-25;100375;0.74795026
2024-01-26;100375;2.1697075
2024-01-27;100375;0.7078649
2024-01-28;100375;1.1138766
2024-01-29;100375;0.055232473
2024-01-30;100375;1.6853933
2024-01-31;100375;1.9660333
2024-01-01;100386;1.3321626
2024-01-02;100386;1.1894076
2024-01-03;100386;1.784825
2024-01-04;100386;0.84021837
2024-01-05;100386;1.5205935
2024-01-06;100386;1.525291
2024-01-07;100386;1.7444149
2024-01-08;100386;1.7298412
2024-01-09;100386;1.0678548
2024-01-10;100386;1.7430813
2024-01-11;100386;2.300955
2024-01-12;100386;1.7620503
2024-01-13;100386;2.2532427
2024-01-14;100386;1.9907997
2024-01-15;100386;4.0069776
2024-01-16;100386;4.1268277
2024-01-17;100386;5.1193643
2024-01-18;100386;4.7025948
2024-01-19;100386;0.27351895
2024-01-20;100386;1.9230105
2024-01-21;100386;0.9261509
2024-01-22;100386;2.1843197
2024-01-23;100386;2.4579527
2024-01-24;100386;3.9321487
2024-01-25;100386;1.64266
2024-01-26;100386;1.0361956
2024-01-27;100386;1.6188198
2024-01-28;100386;4.338974
2024-01-29;100386;4.6757593
2024-01-30;100386;4.8454685
2024-01-31;100386;1.4560237
2024-01-01;100390;1.8983011
2024-01-02;100390;1.4648643
2024-01-03;100390;0.8668603
2024-01-04;100390;0.72869015
2024-01-05;100390;1.0439076
2024-01-06;100390;2.1639533
2024-01-07;100390;1.4282597
2024-01-08;100390;1.6982093
2024-01-09;100390;1.661711
2024-01-10;100390;1.6370151
2024-01-11;100390;1.6066828
2024-01-12;100390;2.0461724
2024-01-13;100390;2.3975186
2024-01-14;100390;1.6753532
2024-01-15;100390;1.4318984
2024-01-16;100390;0.3491055
2024-01-17;100390;1.2937127
2024-01-18;100390;1.0294807
2024-01-19;100390;1.034178
2024-01-20;100390;1.2533023
2024-01-21;100390;0.57674176
2024-01-22;100390;1.2519692
2024-01-23;100390;1.238729
2024-01-24;100390;0.6982951
2024-01-25;100390;1.2709385
2024-01-26;100390;1.7621312
2024-01-27;100390;1.4996883
2024-01-28;100390;1.4825269
2024-01-29;100390;1.4325562
2024-01-30;100390;1.8098422
2024-01-31;100390;1.4805827
2024-01-01;100394;1.238729
2024-01-02;100394;0.6982951
2024-01-03;100394;1.8098422
2024-01-04;100394;1.2519692
2024-01-05;100394;0.57674176
2024-01-06;100394;1.6066828
2024-01-07;100394;1.034178
2024-01-08;100394;1.0294807
2024-01-09;100394;0.3491055
2024-01-10;100394;1.2937127
2024-01-11;100394;1.4318984
2024-01-12;100394;1.6370151
2024-01-13;100394;1.2533023
2024-01-14;100394;1.2709385
2024-01-15;100394;1.8983011
2024-01-16;100394;1.4996883
2024-01-17;100394;1.4825269
2024-01-18;100394;1.4325562
2024-01-19;100394;1.4805827
2024-01-20;100394;1.4282597
2024-01-21;100394;1.6753532
2024-01-22;100394;2.0461724
2024-01-23;100394;0.8668603
2024-01-24;100394;0.72869015
2024-01-25;100394;1.0439076
2024-01-26;100394;1.4648643
2024-01-27;100394;2.1639533
2024-01-28;100394;2.3975186
2024-01-29;100394;1.7621312
2024-01-30;100394;1.661711
2024-01-31;100394;1.6982093
2024-01-01;100399;-0.22865999
2024-01-02;100399;1.4318984
2024-01-03;100399;0.3491055
2024-01-04;100399;1.0294807
2024-01-05;100399;1.034178
2024-01-06;100399;1.2533023
2024-01-07;100399;1.238729
2024-01-08;100399;0.57674176
2024-01-09;100399;1.2519692
2024-01-10;100399;1.8098422
2024-01-11;100399;0.6982951
2024-01-12;100399;1.2709385
2024-01-13;100399;1.7621312
2024-01-14;100399;1.4996883
2024-01-15;100399;1.4825269
2024-01-16;100399;1.4325562
2024-01-17;100399;1.2937127
2024-01-18;100399;1.4282597
2024-01-19;100399;1.4805827
2024-01-20;100399;0.8299843
2024-01-21;100399;0.42397168
2024-01-22;100399;1.6821414
2024-01-23;100399;0.53401667
2024-01-24;100399;1.1404811
2024-01-25;100399;1.9557737
2024-01-26;100399;1.1166412
2024-01-27;100399;1.3098552
2024-01-28;100399;1.8983011
2024-01-29;100399;2.0461724
2024-01-30;100399;1.6753532
2024-01-31;100399;0.95384455
2024-01-01;100417;1.364882
2024-01-02;100417;2.3136148
2024-01-03;100417;2.165743
2024-01-04;100417;1.5580958
2024-01-05;100417;1.2020854
2024-01-06;100417;0.01958007
2024-01-07;100417;0.78225714
2024-01-08;100417;2.2040143
2024-01-09;100417;1.9303814
2024-01-10;100417;0.6722127
2024-01-11;100417;1.0782243
2024-01-12;100417;1.9427947
2024-01-13;100417;1.3887221
2024-01-14;100417;1.6957015
2024-01-15;100417;2.077284
2024-01-16;100417;1.699998
2024-01-17;100417;0.6165478
2024-01-18;100417;1.6993399
2024-01-19;100417;1.561155
2024-01-20;100417;1.2969234
2024-01-21;100417;1.3016204
2024-01-22;100417;1.7480242
2024-01-23;100417;1.5207443
2024-01-24;100417;0.84418446
2024-01-25;100417;1.5194114
2024-01-26;100417;0.96573746
2024-01-27;100417;1.5383805
2024-01-28;100417;2.029573
2024-01-29;100417;1.7671301
2024-01-30;100417;1.5061715
2024-01-31;100417;1.7499686
2024-01-01;100418;2.403162
2024-01-02;100418;1.3445177
2024-01-03;100418;2.6881802
2024-01-04;100418;2.826366
2024-01-05;100418;1.743573
2024-01-06;100418;2.4239485
2024-01-07;100418;2.4286456
2024-01-08;100418;2.6477704
2024-01-09;100418;2.6331966
2024-01-10;100418;1.9712093
2024-01-11;100418;2.646438
2024-01-12;100418;2.0927632
2024-01-13;100418;2.6654058
2024-01-14;100418;3.1565979
2024-01-15;100418;2.8941553
2024-01-16;100418;2.876994
2024-01-17;100418;3.2043111
2024-01-18;100418;2.918248
2024-01-19;100418;1.997149
2024-01-20;100418;2.8702216
2024-01-21;100418;3.255319
2024-01-22;100418;3.3742385
2024-01-23;100418;1.9524802
2024-01-24;100418;2.3723087
2024-01-25;100418;2.5589454
2024-01-26;100418;2.7283187
2024-01-27;100418;3.3359673
2024-01-28;100418;3.4838386
2024-01-29;100418;3.1130188
2024-01-30;100418;2.8659253
2024-01-31;100418;2.535105
2024-01-01;100448;2.4287398
2024-01-02;100448;7.02233
2024-01-03;100448;7.0204387
2024-01-04;100448;8.202193
2024-01-05;100448;2.6911833
2024-01-06;100448;1.5057935
2024-01-07;100448;1.6273471
2024-01-08;100448;2.738896
2024-01-09;100448;2.1810222
2024-01-10;100448;1.9585328
2024-01-11;100448;7.6268554
2024-01-12;100448;2.1999905
2024-01-13;100448;8.788735
2024-01-14;100448;7.101724
2024-01-15;100448;7.1220293
2024-01-16;100448;2.0696886
2024-01-17;100448;1.9068924
2024-01-18;100448;2.0935292
2024-01-19;100448;1.4870657
2024-01-20;100448;2.9088233
2024-01-21;100448;2.6351898
2024-01-22;100448;1.3770207
2024-01-23;100448;1.783032
2024-01-24;100448;0.72438854
2024-01-25;100448;2.6518874
2024-01-26;100448;2.1677802
2024-01-27;100448;7.4816265
2024-01-28;100448;2.1823545
2024-01-29;100448;1.2781583
2024-01-30;100448;1.9632299
2024-01-31;100448;2.99935
2024-01-01;100450;2.1858087
2024-01-02;100450;2.0230122
2024-01-03;100450;2.2096498
2024-01-04;100450;1.6031855
2024-01-05;100450;3.0249438
2024-01-06;100450;2.4352064
2024-01-07;100450;2.1355336
2024-01-08;100450;1.8509934
2024-01-09;100450;2.5332541
2024-01-10;100450;2.3950682
2024-01-11;100450;1.4504614
2024-01-12;100450;2.130836
2024-01-13;100450;0.7923499
2024-01-14;100450;1.4449819
2024-01-15;100450;2.7031517
2024-01-16;100450;3.0428555
2024-01-17;100450;2.8199067
2024-01-18;100450;2.5728133
2024-01-19;100450;2.625136
2024-01-20;100450;2.5838826
2024-01-21;100450;2.601044
2024-01-22;100450;2.8634875
2024-01-23;100450;2.372295
2024-01-24;100450;1.7996513
2024-01-25;100450;2.911199
2024-01-26;100450;2.3533256
2024-01-27;100450;1.6780972
2024-01-28;100450;2.3400846
2024-01-29;100450;2.354658
2024-01-30;100450;3.1907268
2024-01-31;100450;2.5771093
2024-01-01;100453;1.4504614
2024-01-02;100453;2.7031517
2024-01-03;100453;1.8509934
2024-01-04;100453;0.7923499
2024-01-05;100453;6.129531
2024-01-06;100453;6.4155564
2024-01-07;100453;2.130836
2024-01-08;100453;2.1355336
2024-01-09;100453;2.354658
2024-01-10;100453;2.3400846
2024-01-11;100453;1.6780972
2024-01-12;100453;2.3533256
2024-01-13;100453;2.911199
2024-01-14;100453;1.7996513
2024-01-15;100453;2.372295
2024-01-16;100453;1.4449819
2024-01-17;100453;2.8634875
2024-01-18;100453;2.5838826
2024-01-19;100453;2.5771093
2024-01-20;100453;2.625136
2024-01-21;100453;2.5728133
2024-01-22;100453;2.8199067
2024-01-23;100453;3.1907268
2024-01-24;100453;3.0428555
2024-01-25;100453;2.4352064
2024-01-26;100453;2.1858087
2024-01-27;100453;2.0230122
2024-01-28;100453;2.2096498
2024-01-29;100453;1.6031855
2024-01-30;100453;3.0249438
2024-01-31;100453;2.601044
2024-01-01;100454;1.7787044
2024-01-02;100454;1.3726931
2024-01-03;100454;2.3544283
2024-01-04;100454;0.7200609
2024-01-05;100454;3.1200538
2024-01-06;100454;3.117725
2024-01-07;100454;3.5243447
2024-01-08;100454;3.161635
2024-01-09;100454;3.4951293
2024-01-10;100454;3.691497
2024-01-11;100454;3.9758527
2024-01-12;100454;4.3205886
2024-01-13;100454;3.8829567
2024-01-14;100454;4.575499
2024-01-15;100454;5.2025657
2024-01-16;100454;4.8856297
2024-01-17;100454;3.4873989
2024-01-18;100454;2.5048208
2024-01-19;100454;2.6308622
2024-01-20;100454;2.9526544
2024-01-21;100454;4.558114
2024-01-22;100454;1.5308965
2024-01-23;100454;2.1373603
2024-01-24;100454;2.1135197
2024-01-25;100454;1.9507238
2024-01-26;100454;2.9705667
2024-01-27;100454;3.118438
2024-01-28;100454;2.7476182
2024-01-29;100454;2.5005248
2024-01-30;100454;2.5528471
2024-01-31;100454;2.362918
2024-01-01;100455;2.723676
2024-01-02;100455;1.555963
2024-01-03;100455;2.5758047
2024-01-04;100455;1.9681559
2024-01-05;100455;1.7187595
2024-01-06;100455;1.7426
2024-01-07;100455;1.3839437
2024-01-08;100455;2.5578926
2024-01-09;100455;2.2361007
2024-01-10;100455;0.97793174
2024-01-11;100455;0.3252995
2024-01-12;100455;2.3528569
2024-01-13;100455;1.1361353
2024-01-14;100455;2.1057634
2024-01-15;100455;1.8876084
2024-01-16;100455;2.1100593
2024-01-17;100455;2.116832
2024-01-18;100455;2.1339934
2024-01-19;100455;2.3964365
2024-01-20;100455;1.9052439
2024-01-21;100455;1.332601
2024-01-22;100455;2.4441488
2024-01-23;100455;1.886275
2024-01-24;100455;1.2110484
2024-01-25;100455;1.873035
2024-01-26;100455;1.6684841
2024-01-27;100455;0.98341215
2024-01-28;100455;1.8720782
2024-01-29;100455;1.9700618
2024-01-30;100455;2.1580856
2024-01-31;100455;1.6637866
2024-01-01;100462;1.2827677
2024-01-02;100462;1.0894876
2024-01-03;100462;0.030843794
2024-01-04;100462;0.6023923
2024-01-05;100462;1.7262149
2024-01-06;100462;1.9733081
2024-01-07;100462;1.9416449
2024-01-08;100462;2.215278
2024-01-09;100462;0.79352075
2024-01-10;100462;1.3999856
2024-01-11;100462;1.2133489
2024-01-12;100462;1.3761454
2024-01-13;100462;1.6255419
2024-01-14;100462;2.23319
2024-01-15;100462;2.319689
2024-01-16;100462;1.4910593
2024-01-17;100462;0.6834759
2024-01-18;100462;1.7785378
2024-01-19;100462;1.737284
2024-01-20;100462;1.7544453
2024-01-21;100462;2.0168881
2024-01-22;100462;1.5256959
2024-01-23;100462;0.9223146
2024-01-24;100462;2.0338616
2024-01-25;100462;1.4759891
2024-01-26;100462;0.8007615
2024-01-27;100462;1.4627485
2024-01-28;100462;1.4773219
2024-01-29;100462;1.2874651
2024-01-30;100462;1.7305113
2024-01-31;100462;1.5890418
2024-01-01;100469;4.0468144
2024-01-02;100469;4.756257
2024-01-03;100469;3.3941808
2024-01-04;100469;5.3049836
2024-01-05;100469;4.4528255
2024-01-06;100469;4.6706724
2024-01-07;100469;6.242969
2024-01-08;100469;4.5323653
2024-01-09;100469;4.0565014
2024-01-10;100469;4.7368765
2024-01-11;100469;4.7415733
2024-01-12;100469;5.5065007
2024-01-13;100469;5.0727987
2024-01-14;100469;4.410812
2024-01-15;100469;5.086041
2024-01-16;100469;5.6439147
2024-01-17;100469;5.5786157
2024-01-18;100469;5.1050086
2024-01-19;100469;4.156858
2024-01-20;100469;5.980527
2024-01-21;100469;5.963365
2024-01-22;100469;5.9565926
2024-01-23;100469;6.0046186
2024-01-24;100469;6.1002703
2024-01-25;100469;6.347364
2024-01-26;100469;6.6937456
2024-01-27;100469;7.0734906
2024-01-28;100469;6.465841
2024-01-29;100469;4.919054
2024-01-30;100469;4.9451675
2024-01-31;100469;5.0431514
2024-01-01;100470;10.962519
2024-01-02;100470;2.4256618
2024-01-03;100470;3.787739
2024-01-04;100470;3.484306
2024-01-05;100470;4.336466
2024-01-06;100470;11.513105
2024-01-07;100470;9.5595255
2024-01-08;100470;10.072813
2024-01-09;100470;10.03505
2024-01-10;100470;9.853678
2024-01-11;100470;9.592059
2024-01-12;100470;9.3859005
2024-01-13;100470;10.036773
2024-01-14;100470;14.159228
2024-01-15;100470;3.7021544
2024-01-16;100470;13.202328
2024-01-17;100470;3.0782943
2024-01-18;100470;11.840464
2024-01-19;100470;11.99898
2024-01-20;100470;11.305105
2024-01-21;100470;10.93032
2024-01-22;100470;10.922587
2024-01-23;100470;10.56756
2024-01-24;100470;10.930267
2024-01-25;100470;10.523646
2024-01-26;100470;11.705518
2024-01-27;100470;3.1883392
2024-01-28;100470;4.610098
2024-01-29;100470;11.317854
2024-01-30;100470;12.278093
2024-01-31;100470;14.476165
2024-01-01;100471;3.484306
2024-01-02;100471;3.787739
2024-01-03;100471;12.876465
2024-01-04;100471;12.535672
2024-01-05;100471;12.942293
2024-01-06;100471;12.156236
2024-01-07;100471;12.6203375
2024-01-08;100471;12.62807
2024-01-09;100471;13.002855
2024-01-10;100471;13.69673
2024-01-11;100471;13.975843
2024-01-12;100471;13.538214
2024-01-13;100471;14.90008
2024-01-14;100471;16.173914
2024-01-15;100471;15.856976
2024-01-16;100471;11.494483
2024-01-17;100471;13.318588
2024-01-18;100471;11.049769
2024-01-19;100471;2.4256618
2024-01-20;100471;3.0782943
2024-01-21;100471;4.336466
2024-01-22;100471;10.843611
2024-01-23;100471;3.1883392
2024-01-24;100471;3.7021544
2024-01-25;100471;4.610098
2024-01-26;100471;13.391128
2024-01-27;100471;11.017236
2024-01-28;100471;11.530523
2024-01-29;100471;11.492761
2024-01-30;100471;11.311388
2024-01-31;100471;12.840541
2024-01-01;100473;4.8073087
2024-01-02;100473;4.927839
2024-01-03;100473;3.7898784
2024-01-04;100473;3.217235
2024-01-05;100473;4.2766433
2024-01-06;100473;2.7222915
2024-01-07;100473;3.04354
2024-01-08;100473;3.7055285
2024-01-09;100473;3.7201023
2024-01-10;100473;3.378656
2024-01-11;100473;3.402667
2024-01-12;100473;4.790147
2024-01-13;100473;3.7187707
2024-01-14;100473;4.7833743
2024-01-15;100473;3.3615422
2024-01-16;100473;4.7790766
2024-01-17;100473;5.1718884
2024-01-18;100473;5.698568
2024-01-19;100473;5.339473
2024-01-20;100473;4.4531636
2024-01-21;100473;3.358692
2024-01-22;100473;3.5453293
2024-01-23;100473;2.9388647
2024-01-24;100473;4.3958716
2024-01-25;100473;4.1222396
2024-01-26;100473;2.8275247
2024-01-27;100473;2.1748927
2024-01-28;100473;11.975927
2024-01-29;100473;4.8314004
2024-01-30;100473;11.533804
2024-01-31;100473;3.2335367
2024-01-01;100474;3.1793675
2024-01-02;100474;2.979802
2024-01-03;100474;3.6601772
2024-01-04;100474;3.9678938
2024-01-05;100474;3.9776127
2024-01-06;100474;3.963038
2024-01-07;100474;3.301051
2024-01-08;100474;3.855863
2024-01-09;100474;4.4137363
2024-01-10;100474;3.3543286
2024-01-11;100474;3.926971
2024-01-12;100474;5.064932
2024-01-13;100474;4.8024898
2024-01-14;100474;4.785328
2024-01-15;100474;4.7785554
2024-01-16;100474;4.8265815
2024-01-17;100474;4.7742577
2024-01-18;100474;5.1670694
2024-01-19;100474;5.698568
2024-01-20;100474;5.339473
2024-01-21;100474;4.4337845
2024-01-22;100474;3.3421633
2024-01-23;100474;3.3660045
2024-01-24;100474;2.7595408
2024-01-25;100474;4.2165475
2024-01-26;100474;3.9429152
2024-01-27;100474;2.6482008
2024-01-28;100474;3.0542128
2024-01-29;100474;1.9955688
2024-01-30;100474;12.450818
2024-01-31;100474;12.008695
2024-01-01;100486;3.6583087
2024-01-02;100486;4.6211796
2024-01-03;100486;5.577478
2024-01-04;100486;2.9650395
2024-01-05;100486;4.023683
2024-01-06;100486;3.6176713
2024-01-07;100486;4.768221
2024-01-08;100486;5.041853
2024-01-09;100486;3.584846
2024-01-10;100486;4.1913104
2024-01-11;100486;4.0046725
2024-01-12;100486;4.1674695
2024-01-13;100486;5.25909
2024-01-14;100486;5.821336
2024-01-15;100486;4.3767853
2024-01-16;100486;6.180431
2024-01-17;100486;5.41936
2024-01-18;100486;5.471684
2024-01-19;100486;4.647399
2024-01-20;100486;5.5842505
2024-01-21;100486;5.6014123
2024-01-22;100486;5.8638544
2024-01-23;100486;4.725894
2024-01-24;100486;4.1532507
2024-01-25;100486;5.212659
2024-01-26;100486;4.654786
2024-01-27;100486;3.9795568
2024-01-28;100486;5.812172
2024-01-29;100486;4.641544
2024-01-30;100486;4.656118
2024-01-31;100486;4.338683
2024-01-01;100487;4.793132
2024-01-02;100487;4.84732
2024-01-03;100487;5.120951
2024-01-04;100487;3.6639447
2024-01-05;100487;4.2704086
2024-01-06;100487;4.0837717
2024-01-07;100487;4.2465687
2024-01-08;100487;5.309374
2024-01-09;100487;5.8716197
2024-01-10;100487;6.230715
2024-01-11;100487;5.909033
2024-01-12;100487;5.516221
2024-01-13;100487;5.568545
2024-01-14;100487;5.674339
2024-01-15;100487;5.6811113
2024-01-16;100487;5.698273
2024-01-17;100487;5.9607153
2024-01-18;100487;4.822755
2024-01-19;100487;4.2501116
2024-01-20;100487;4.751647
2024-01-21;100487;4.076418
2024-01-22;100487;4.7384048
2024-01-23;100487;4.752979
2024-01-24;100487;4.5460134
2024-01-25;100487;4.5413156
2024-01-26;100487;3.8609414
2024-01-27;100487;4.7496076
2024-01-28;100487;5.30952
2024-01-29;100487;2.9938543
2024-01-30;100487;4.052498
2024-01-31;100487;3.6464856
2024-01-01;100510;3.8065445
2024-01-02;100510;4.5876703
2024-01-03;100510;5.2828894
2024-01-04;100510;5.239365
2024-01-05;100510;4.408161
2024-01-06;100510;5.0885353
2024-01-07;100510;5.093233
2024-01-08;100510;5.357978
2024-01-09;100510;5.343404
2024-01-10;100510;4.681417
2024-01-11;100510;5.356646
2024-01-12;100510;5.914519
2024-01-13;100510;4.8029695
2024-01-14;100510;5.3756127
2024-01-15;100510;6.4832683
2024-01-16;100510;5.6862783
2024-01-17;100510;4.8709846
2024-01-18;100510;4.6843476
2024-01-19;100510;4.8471446
2024-01-20;100510;5.708967
2024-01-21;100510;6.316616
2024-01-22;100510;4.2645216
2024-01-23;100510;6.675711
2024-01-24;100510;5.9964848
2024-01-25;100510;6.0488086
2024-01-26;100510;5.3824925
2024-01-27;100510;5.9825277
2024-01-28;100510;6.7879167
2024-01-29;100510;6.285987
2024-01-30;100510;6.2435784
2024-01-31;100510;4.181659
2024-01-01;100516;6.6777024
2024-01-02;100516;19.0804
2024-01-03;100516;6.6824
2024-01-04;100516;6.96178
2024-01-05;100516;6.947208
2024-01-06;100516;6.28522
2024-01-07;100516;6.9604483
2024-01-08;100516;7.518321
2024-01-09;100516;6.4067745
2024-01-10;100516;6.4269633
2024-01-11;100516;7.356861
2024-01-12;100516;7.094418
2024-01-13;100516;7.935284
2024-01-14;100516;5.61307
2024-01-15;100516;5.509616
2024-01-16;100516;5.457293
2024-01-17;100516;6.979417
2024-01-18;100516;5.9593434
2024-01-19;100516;5.6129627
2024-01-20;100516;7.3016934
2024-01-21;100516;7.258168
2024-01-22;100516;19.469316
2024-01-23;100516;18.71921
2024-01-24;100516;18.668957
2024-01-25;100516;18.56572
2024-01-26;100516;17.796
2024-01-27;100516;17.451107
2024-01-28;100516;18.090038
2024-01-29;100516;19.067486
2024-01-30;100516;5.6174026
2024-01-31;100516;17.258873
2024-01-01;100517;8.44079
2024-01-02;100517;8.443099
2024-01-03;100517;13.744659
2024-01-04;100517;13.115068
2024-01-05;100517;10.201706
2024-01-06;100517;7.92
2024-01-07;100517;10.734192
2024-01-08;100517;9.013864
2024-01-09;100517;9.050074
2024-01-10;100517;10.062728
2024-01-11;100517;10.76244
2024-01-12;100517;10.2334795
2024-01-13;100517;9.830834
2024-01-14;100517;9.633968
2024-01-15;100517;2.4692552
2024-01-16;100517;2.4624825
2024-01-17;100517;2.1869538
2024-01-18;100517;1.7555479
2024-01-19;100517;1.3495358
2024-01-20;100517;2.4637473
2024-01-21;100517;2.7373805
2024-01-22;100517;1.3156227
2024-01-23;100517;2.0168898
2024-01-24;100517;0.7672334
2024-01-25;100517;1.9518473
2024-01-26;100517;1.9836242
2024-01-27;100517;2.4275262
2024-01-28;100517;2.6872878
2024-01-29;100517;2.3409066
2024-01-30;100517;2.1852374
2024-01-31;100517;1.8302522
2024-01-01;100523;9.939206
2024-01-02;100523;15.240767
2024-01-03;100523;14.611176
2024-01-04;100523;11.697815
2024-01-05;100523;9.936897
2024-01-06;100523;1.7339147
2024-01-07;100523;10.509971
2024-01-08;100523;11.130077
2024-01-09;100523;10.388876
2024-01-10;100523;11.401529
2024-01-11;100523;11.788411
2024-01-12;100523;11.3269415
2024-01-13;100523;9.416107
2024-01-14;100523;3.6602774
2024-01-15;100523;2.9888585
2024-01-16;100523;3.4544852
2024-01-17;100523;3.4021623
2024-01-18;100523;3.5578315
2024-01-19;100523;3.9042125
2024-01-20;100523;3.7026043
2024-01-21;100523;3.2587016
2024-01-22;100523;11.287699
2024-01-23;100523;2.8672636
2024-01-24;100523;3.0539005
2024-01-25;100523;2.3526332
2024-01-26;100523;3.7743924
2024-01-27;100523;3.500759
2024-01-28;100523;2.3865473
2024-01-29;100523;2.7925591
2024-01-30;100523;3.6535046
2024-01-31;100523;11.758191
2024-01-01;100524;2.8295915
2024-01-02;100524;2.5769596
2024-01-03;100524;10.796342
2024-01-04;100524;10.373244
2024-01-05;100524;9.36059
2024-01-06;100524;9.330453
2024-01-07;100524;9.950558
2024-01-08;100524;8.23659
2024-01-09;100524;8.75738
2024-01-10;100524;10.518295
2024-01-11;100524;13.431658
2024-01-12;100524;14.061249
2024-01-13;100524;8.759686
2024-01-14;100524;10.147424
2024-01-15;100524;1.5183152
2024-01-16;100524;3.5942538
2024-01-17;100524;3.3119528
2024-01-18;100524;3.25963
2024-01-19;100524;3.2070436
2024-01-20;100524;3.553425
2024-01-21;100524;3.3518162
2024-01-22;100524;2.9079134
2024-01-23;100524;2.7645495
2024-01-24;100524;2.6429546
2024-01-25;100524;2.1283243
2024-01-26;100524;3.5500834
2024-01-27;100524;3.27645
2024-01-28;100524;2.1709478
2024-01-29;100524;3.5874813
2024-01-30;100524;10.826562
2024-01-31;100524;10.32585
2024-01-01;100525;3.2095323
2024-01-02;100525;2.2247043
2024-01-03;100525;3.4081507
2024-01-04;100525;3.6817842
2024-01-05;100525;2.2171965
2024-01-06;100525;2.6375663
2024-01-07;100525;2.450929
2024-01-08;100525;2.5725238
2024-01-09;100525;2.7158878
2024-01-10;100525;3.1597905
2024-01-11;100525;3.3331728
2024-01-12;100525;2.9867918
2024-01-13;100525;2.831122
2024-01-14;100525;3.1291282
2024-01-15;100525;8.567522
2024-01-16;100525;3.216305
2024-01-17;100525;7.7691193
2024-01-18;100525;6.3813825
2024-01-19;100525;11.682944
2024-01-20;100525;11.053353
2024-01-21;100525;8.139993
2024-01-22;100525;6.379075
2024-01-23;100525;5.8582864
2024-01-24;100525;7.572256
2024-01-25;100525;6.952149
2024-01-26;100525;6.9822907
2024-01-27;100525;7.994945
2024-01-28;100525;8.449737
2024-01-29;100525;2.6307168
2024-01-30;100525;1.572073
2024-01-31;100525;8.066811
2024-01-01;100526;3.4796205
2024-01-02;100526;2.709036
2024-01-03;100526;2.228057
2024-01-04;100526;2.6340694
2024-01-05;100526;1.5754256
2024-01-06;100526;2.5223987
2024-01-07;100526;2.6439936
2024-01-08;100526;2.7873576
2024-01-09;100526;3.2071624
2024-01-10;100526;3.3805447
2024-01-11;100526;3.0341637
2024-01-12;100526;2.8784938
2024-01-13;100526;2.9308164
2024-01-14;100526;3.206345
2024-01-15;100526;3.2131178
2024-01-16;100526;3.753254
2024-01-17;100526;8.478773
2024-01-18;100526;12.392598
2024-01-19;100526;11.763007
2024-01-20;100526;8.849645
2024-01-21;100526;7.088727
2024-01-22;100526;6.567939
2024-01-23;100526;8.281911
2024-01-24;100526;7.661803
2024-01-25;100526;7.54071
2024-01-26;100526;8.938733
2024-01-27;100526;9.393527
2024-01-28;100526;9.010602
2024-01-29;100526;9.511314
2024-01-30;100526;7.0910354
2024-01-31;100526;2.2886662
2024-01-01;100528;2.228057
2024-01-02;100528;2.6340694
2024-01-03;100528;9.510992
2024-01-04;100528;3.4796205
2024-01-05;100528;9.893916
2024-01-06;100528;9.439122
2024-01-07;100528;8.041099
2024-01-08;100528;8.16219
2024-01-09;100528;8.782299
2024-01-10;100528;7.0683284
2024-01-11;100528;7.5891175
2024-01-12;100528;9.350036
2024-01-13;100528;12.263396
2024-01-14;100528;12.892987
2024-01-15;100528;7.591427
2024-01-16;100528;8.979162
2024-01-17;100528;3.2131178
2024-01-18;100528;3.206345
2024-01-19;100528;2.9308164
2024-01-20;100528;2.8784938
2024-01-21;100528;3.0341637
2024-01-22;100528;3.3805447
2024-01-23;100528;3.2071624
2024-01-24;100528;2.7873576
2024-01-25;100528;2.6439936
2024-01-26;100528;2.5223987
2024-01-27;100528;2.709036
2024-01-28;100528;2.2886662
2024-01-29;100528;3.753254
2024-01-30;100528;10.011704
2024-01-31;100528;1.5754256
2024-01-01;100530;2.6615856
2024-01-02;100530;1.9326798
2024-01-03;100530;1.4026976
2024-01-04;100530;2.8410263
2024-01-05;100530;2.394921
2024-01-06;100530;2.326554
2024-01-07;100530;2.5123906
2024-01-08;100530;2.497817
2024-01-09;100530;1.8358302
2024-01-10;100530;2.4863546
2024-01-11;100530;3.0442274
2024-01-12;100530;2.5053227
2024-01-13;100530;2.8827648
2024-01-14;100530;2.6203222
2024-01-15;100530;1.8202626
2024-01-16;100530;2.596388
2024-01-17;100530;2.6031609
2024-01-18;100530;2.442448
2024-01-19;100530;2.5059159
2024-01-20;100530;2.7975025
2024-01-21;100530;3.0079668
2024-01-22;100530;2.8345842
2024-01-23;100530;2.4147804
2024-01-24;100530;2.2714162
2024-01-25;100530;2.255811
2024-01-26;100530;2.558239
2024-01-27;100530;2.1159387
2024-01-28;100530;3.5805259
2024-01-29;100530;3.3068924
2024-01-30;100530;2.0553293
2024-01-31;100530;2.4613414
2024-01-01;100544;2.4939945
2024-01-02;100544;9.156037
2024-01-03;100544;8.795495
2024-01-04;100544;6.4442134
2024-01-05;100544;2.335025
2024-01-06;100544;1.4026976
2024-01-07;100544;2.1951525
2024-01-08;100544;3.5805259
2024-01-09;100544;3.3068924
2024-01-10;100544;2.0553293
2024-01-11;100544;8.778835
2024-01-12;100544;2.4613414
2024-01-13;100544;2.5216625
2024-01-14;100544;8.794534
2024-01-15;100544;2.888192
2024-01-16;100544;8.603922
2024-01-17;100544;2.6203222
2024-01-18;100544;2.8827648
2024-01-19;100544;2.5053227
2024-01-20;100544;1.9326798
2024-01-21;100544;3.0442274
2024-01-22;100544;2.4863546
2024-01-23;100544;1.8358302
2024-01-24;100544;2.497817
2024-01-25;100544;2.5123906
2024-01-26;100544;2.4172435
2024-01-27;100544;2.4856105
2024-01-28;100544;1.910952
2024-01-29;100544;2.9317157
2024-01-30;100544;8.064731
2024-01-31;100544;2.3506303
2024-01-01;100545;1.4026976
2024-01-02;100545;2.1951525
2024-01-03;100545;2.4613414
2024-01-04;100545;3.3068924
2024-01-05;100545;3.5805259
2024-01-06;100545;2.9317157
2024-01-07;100545;2.888192
2024-01-08;100545;1.910952
2024-01-09;100545;2.4856105
2024-01-10;100545;2.4172435
2024-01-11;100545;2.5123906
2024-01-12;100545;2.497817
2024-01-13;100545;1.8358302
2024-01-14;100545;2.4863546
2024-01-15;100545;3.0442274
2024-01-16;100545;2.0553293
2024-01-17;100545;2.5053227
2024-01-18;100545;1.9326798
2024-01-19;100545;2.335025
2024-01-20;100545;2.3506303
2024-01-21;100545;2.4939945
2024-01-22;100545;7.128045
2024-01-23;100545;9.479322
2024-01-24;100545;2.5216625
2024-01-25;100545;9.49127
2024-01-26;100545;9.5069685
2024-01-27;100545;8.777165
2024-01-28;100545;9.839868
2024-01-29;100545;9.316357
2024-01-30;100545;2.6203222
2024-01-31;100545;2.8827648
2024-01-01;100547;2.2683332
2024-01-02;100547;2.4240024
2024-01-03;100547;2.7703836
2024-01-04;100547;2.6762152
2024-01-05;100547;2.2564108
2024-01-06;100547;2.0974414
2024-01-07;100547;2.3206558
2024-01-08;100547;2.2840788
2024-01-09;100547;1.7254399
2024-01-10;100547;2.8371797
2024-01-11;100547;1.5856166
2024-01-12;100547;1.9916289
2024-01-13;100547;2.1130466
2024-01-14;100547;2.358805
2024-01-15;100547;2.6451821
2024-01-16;100547;2.382739
2024-01-17;100547;2.2677395
2024-01-18;100547;1.6950964
2024-01-19;100547;2.8066442
2024-01-20;100547;1.5982466
2024-01-21;100547;2.2602334
2024-01-22;100547;2.274807
2024-01-23;100547;2.1796598
2024-01-24;100547;2.2480268
2024-01-25;100547;1.6733683
2024-01-26;100547;0.9329848
2024-01-27;100547;2.6506083
2024-01-28;100547;2.694132
2024-01-29;100547;2.3655777
2024-01-30;100547;2.248771
2024-01-31;100547;3.1108134
2024-01-01;100551;2.1542687
2024-01-02;100551;3.1315084
2024-01-03;100551;4.172571
2024-01-04;100551;4.5614896
2024-01-05;100551;4.259295
2024-01-06;100551;5.0948825
2024-01-07;100551;5.8260164
2024-01-08;100551;4.946899
2024-01-09;100551;5.436202
2024-01-10;100551;5.091309
2024-01-11;100551;5.76072
2024-01-12;100551;6.294024
2024-01-13;100551;2.9587991
2024-01-14;100551;3.1136527
2024-01-15;100551;2.7672715
2024-01-16;100551;2.6116018
2024-01-17;100551;3.1750326
2024-01-18;100551;2.676012
2024-01-19;100551;2.663925
2024-01-20;100551;2.4361813
2024-01-21;100551;2.531329
2024-01-22;100551;2.516755
2024-01-23;100551;1.8547678
2024-01-24;100551;2.565978
2024-01-25;100551;2.5045485
2024-01-26;100551;2.0123034
2024-01-27;100551;2.5849466
2024-01-28;100551;2.9623888
2024-01-29;100551;2.6999462
2024-01-30;100551;2.6827848
2024-01-31;100551;3.1238513
2024-01-01;100553;2.663925
2024-01-02;100553;2.676012
2024-01-03;100553;2.6827848
2024-01-04;100553;2.6999462
2024-01-05;100553;2.9623888
2024-01-06;100553;3.1238513
2024-01-07;100553;2.0123034
2024-01-08;100553;2.565978
2024-01-09;100553;1.8547678
2024-01-10;100553;2.516755
2024-01-11;100553;2.6116018
2024-01-12;100553;2.531329
2024-01-13;100553;2.5849466
2024-01-14;100553;2.7672715
2024-01-15;100553;1.8977474
2024-01-16;100553;2.9587991
2024-01-17;100553;2.5389946
2024-01-18;100553;2.3956306
2024-01-19;100553;2.269749
2024-01-20;100553;2.4563859
2024-01-21;100553;3.2831209
2024-01-22;100553;3.0094872
2024-01-23;100553;1.757924
2024-01-24;100553;2.1639364
2024-01-25;100553;2.1542687
2024-01-26;100553;3.1315084
2024-01-27;100553;3.1750326
2024-01-28;100553;2.4361813
2024-01-29;100553;3.1136527
2024-01-30;100553;1.1052923
2024-01-31;100553;2.5045485
2024-01-01;100554;0.88687325
2024-01-02;100554;1.6959637
2024-01-03;100554;2.5928931
2024-01-04;100554;2.0462437
2024-01-05;100554;2.0509405
2024-01-06;100554;2.3276777
2024-01-07;100554;2.3131042
2024-01-08;100554;1.651117
2024-01-09;100554;2.3623266
2024-01-10;100554;1.8086518
2024-01-11;100554;2.3812952
2024-01-12;100554;2.7587376
2024-01-13;100554;2.4962947
2024-01-14;100554;2.4791334
2024-01-15;100554;2.4723606
2024-01-16;100554;2.9201999
2024-01-17;100554;2.4172812
2024-01-18;100554;1.9455171
2024-01-19;100554;1.5395049
2024-01-20;100554;2.6350756
2024-01-21;100554;2.791068
2024-01-22;100554;2.6732044
2024-01-23;100554;1.6793282
2024-01-24;100554;2.2379673
2024-01-25;100554;3.0647013
2024-01-26;100554;2.1772115
2024-01-27;100554;2.3205755
2024-01-28;100554;2.764478
2024-01-29;100554;2.9193316
2024-01-30;100554;2.5729504
2024-01-31;100554;2.0513299
2024-01-01;100556;2.9624887
2024-01-02;100556;2.094487
2024-01-03;100556;2.807635
2024-01-04;100556;2.3637326
2024-01-05;100556;2.2203686
2024-01-06;100556;2.2811244
2024-01-07;100556;0.9665599
2024-01-08;100556;3.1078584
2024-01-09;100556;2.8707545
2024-01-10;100556;1.6191914
2024-01-11;100556;2.0252037
2024-01-12;100556;2.6161075
2024-01-13;100556;1.7224852
2024-01-14;100556;2.4604383
2024-01-15;100556;2.997777
2024-01-16;100556;2.5499377
2024-01-17;100556;3.3886654
2024-01-18;100556;2.5127609
2024-01-19;100556;1.773541
2024-01-20;100556;2.1238205
2024-01-21;100556;2.1285176
2024-01-22;100556;2.4052546
2024-01-23;100556;2.3906813
2024-01-24;100556;2.8777614
2024-01-25;100556;2.4399037
2024-01-26;100556;1.886229
2024-01-27;100556;2.4588723
2024-01-28;100556;2.8363144
2024-01-29;100556;2.5738719
2024-01-30;100556;2.5567105
2024-01-31;100556;1.7286941
2024-01-01;100558;2.5738719
2024-01-02;100558;2.8363144
2024-01-03;100558;2.4588723
2024-01-04;100558;1.886229
2024-01-05;100558;2.997777
2024-01-06;100558;2.4399037
2024-01-07;100558;2.2247615
2024-01-08;100558;2.3906813
2024-01-09;100558;2.4052546
2024-01-10;100558;2.2200644
2024-01-11;100558;1.8697847
2024-01-12;100558;3.4849093
2024-01-13;100558;2.5567105
2024-01-14;100558;1.7286941
2024-01-15;100558;2.5499377
2024-01-16;100558;2.9740052
2024-01-17;100558;2.4604383
2024-01-18;100558;2.5127609
2024-01-19;100558;0.9665599
2024-01-20;100558;2.0252037
2024-01-21;100558;1.6191914
2024-01-22;100558;3.1078584
2024-01-23;100558;1.7224852
2024-01-24;100558;2.8707545
2024-01-25;100558;2.094487
2024-01-26;100558;2.2203686
2024-01-27;100558;2.3637326
2024-01-28;100558;2.807635
2024-01-29;100558;2.9624887
2024-01-30;100558;2.6161075
2024-01-31;100558;2.2811244
2024-01-01;100590;22.907433
2024-01-02;100590;23.019781
2024-01-03;100590;23.282223
2024-01-04;100590;22.66449
2024-01-05;100590;22.09184
2024-01-06;100590;23.44857
2024-01-07;100590;22.196222
2024-01-08;100590;21.358923
2024-01-09;100590;21.102482
2024-01-10;100590;20.029432
2024-01-11;100590;20.769
2024-01-12;100590;20.388115
2024-01-13;100590;21.315405
2024-01-14;100590;22.60131
2024-01-15;100590;22.858208
2024-01-16;100590;22.423687
2024-01-17;100590;20.862614
2024-01-18;100590;19.455917
2024-01-19;100590;20.159105
2024-01-20;100590;19.893982
2024-01-21;100590;19.487972
2024-01-22;100590;21.112604
2024-01-23;100590;19.263195
2024-01-24;100590;19.870604
2024-01-25;100590;20.648571
2024-01-26;100590;20.692928
2024-01-27;100590;20.836292
2024-01-28;100590;21.2802
2024-01-29;100590;21.080164
2024-01-30;100590;20.73378
2024-01-31;100590;19.213017
2024-01-01;100591;4.637316
2024-01-02;100591;6.5298347
2024-01-03;100591;6.8762155
2024-01-04;100591;6.7042093
2024-01-05;100591;6.2603073
2024-01-06;100591;6.116944
2024-01-07;100591;6.374165
2024-01-08;100591;6.0371785
2024-01-09;100591;5.429772
2024-01-10;100591;6.815144
2024-01-11;100591;6.5415125
2024-01-12;100591;5.2899485
2024-01-13;100591;5.8505416
2024-01-14;100591;6.4264884
2024-01-15;100591;6.543173
2024-01-16;100591;6.3737183
2024-01-17;100591;7.5080976
2024-01-18;100591;7.464573
2024-01-19;100591;6.5372877
2024-01-20;100591;6.433823
2024-01-21;100591;6.453136
2024-01-22;100591;6.2458043
2024-01-23;100591;6.6011624
2024-01-24;100591;5.695961
2024-01-25;100591;5.8319635
2024-01-26;100591;6.9967756
2024-01-27;100591;5.885227
2024-01-28;100591;6.4939504
2024-01-29;100591;6.6838126
2024-01-30;100591;6.42137
2024-01-31;100591;6.45787
2024-01-01;100596;3.645351
2024-01-02;100596;3.5359566
2024-01-03;100596;3.5716388
2024-01-04;100596;3.6000576
2024-01-05;100596;4.824394
2024-01-06;100596;3.9760203
2024-01-07;100596;3.5588918
2024-01-08;100596;2.9593842
2024-01-09;100596;3.127084
2024-01-10;100596;3.538515
2024-01-11;100596;3.3574917
2024-01-12;100596;4.4897094
2024-01-13;100596;3.796492
2024-01-14;100596;3.5441985
2024-01-15;100596;4.2002077
2024-01-16;100596;3.2729216
2024-01-17;100596;4.034391
2024-01-18;100596;3.9619734
2024-01-19;100596;4.158802
2024-01-20;100596;4.1442285
2024-01-21;100596;3.6578436
2024-01-22;100596;3.4822419
2024-01-23;100596;4.734587
2024-01-24;100596;3.5972252
2024-01-25;100596;4.1698675
2024-01-26;100596;4.6063743
2024-01-27;100596;3.6832774
2024-01-28;100596;3.5066087
2024-01-29;100596;4.193451
2024-01-30;100596;4.3439317
2024-01-31;100596;4.2437325
2024-01-01;100601;6.615167
2024-01-02;100601;5.117829
2024-01-03;100601;5.7213306
2024-01-04;100601;5.6489134
2024-01-05;100601;5.845742
2024-01-06;100601;5.8311687
2024-01-07;100601;5.169182
2024-01-08;100601;5.880391
2024-01-09;100601;6.4215274
2024-01-10;100601;5.309979
2024-01-11;100601;5.882622
2024-01-12;100601;6.3191285
2024-01-13;100601;6.056686
2024-01-14;100601;6.045114
2024-01-15;100601;6.039524
2024-01-16;100601;5.982145
2024-01-17;100601;5.915469
2024-01-18;100601;6.071139
2024-01-19;100601;6.446751
2024-01-20;100601;6.274745
2024-01-21;100601;5.830843
2024-01-22;100601;5.6874795
2024-01-23;100601;5.6505647
2024-01-24;100601;5.8372016
2024-01-25;100601;5.229795
2024-01-26;100601;4.4373393
2024-01-27;100601;5.495984
2024-01-28;100601;6.032751
2024-01-29;100601;5.0899715
2024-01-30;100601;6.088639
2024-01-31;100601;6.3415356
2024-01-01;100602;5.8311687
2024-01-02;100602;5.169182
2024-01-03;100602;5.845742
2024-01-04;100602;5.880391
2024-01-05;100602;6.4215274
2024-01-06;100602;5.309979
2024-01-07;100602;5.882622
2024-01-08;100602;6.3191285
2024-01-09;100602;6.056686
2024-01-10;100602;6.039524
2024-01-11;100602;6.032751
2024-01-12;100602;5.982145
2024-01-13;100602;5.915469
2024-01-14;100602;6.088639
2024-01-15;100602;6.045114
2024-01-16;100602;6.274745
2024-01-17;100602;5.830843
2024-01-18;100602;5.6874795
2024-01-19;100602;5.6505647
2024-01-20;100602;5.8372016
2024-01-21;100602;5.229795
2024-01-22;100602;6.615167
2024-01-23;100602;6.3415356
2024-01-24;100602;5.0899715
2024-01-25;100602;5.495984
2024-01-26;100602;4.4373393
2024-01-27;100602;5.7213306
2024-01-28;100602;5.117829
2024-01-29;100602;6.446751
2024-01-30;100602;6.071139
2024-01-31;100602;5.6489134
2024-01-01;100604;5.8311687
2024-01-02;100604;6.088639
2024-01-03;100604;6.045114
2024-01-04;100604;5.117829
2024-01-05;100604;5.7213306
2024-01-06;100604;5.845742
2024-01-07;100604;4.4373393
2024-01-08;100604;5.495984
2024-01-09;100604;5.0899715
2024-01-10;100604;6.3415356
2024-01-11;100604;6.615167
2024-01-12;100604;5.229795
2024-01-13;100604;5.8372016
2024-01-14;100604;5.6505647
2024-01-15;100604;5.6874795
2024-01-16;100604;5.830843
2024-01-17;100604;5.6489134
2024-01-18;100604;6.446751
2024-01-19;100604;6.274745
2024-01-20;100604;5.169182
2024-01-21;100604;5.880391
2024-01-22;100604;6.4215274
2024-01-23;100604;5.309979
2024-01-24;100604;6.3191285
2024-01-25;100604;5.882622
2024-01-26;100604;6.039524
2024-01-27;100604;6.071139
2024-01-28;100604;6.056686
2024-01-29;100604;5.982145
2024-01-30;100604;6.032751
2024-01-31;100604;5.915469
2024-01-01;100607;5.6980877
2024-01-02;100607;4.9165063
2024-01-03;100607;4.776683
2024-01-04;100607;6.3018785
2024-01-05;100607;6.028247
2024-01-06;100607;5.337276
2024-01-07;100607;5.374191
2024-01-08;100607;5.5175543
2024-01-09;100607;4.2939005
2024-01-10;100607;5.9614563
2024-01-11;100607;6.1334624
2024-01-12;100607;5.7870817
2024-01-13;100607;5.631412
2024-01-14;100607;5.523913
2024-01-15;100607;5.748694
2024-01-16;100607;5.596334
2024-01-17;100607;5.772629
2024-01-18;100607;6.0350714
2024-01-19;100607;5.5985646
2024-01-20;100607;5.025922
2024-01-21;100607;6.1374702
2024-01-22;100607;4.8851247
2024-01-23;100607;5.5471115
2024-01-24;100607;5.561685
2024-01-25;100607;5.3648562
2024-01-26;100607;5.4372735
2024-01-27;100607;4.8337717
2024-01-28;100607;5.7938323
2024-01-29;100607;5.837357
2024-01-30;100607;5.182695
2024-01-31;100607;5.755467
2024-01-01;100611;9.371604
2024-01-02;100611;7.5616307
2024-01-03;100611;8.372392
2024-01-04;100611;7.1613026
2024-01-05;100611;7.800263
2024-01-06;100611;7.7278447
2024-01-07;100611;7.9628954
2024-01-08;100611;7.9483204
2024-01-09;100611;7.2863345
2024-01-10;100611;7.9975414
2024-01-11;100611;8.53868
2024-01-12;100611;8.134277
2024-01-13;100611;8.651997
2024-01-14;100611;8.389552
2024-01-15;100611;8.420429
2024-01-16;100611;8.369823
2024-01-17;100611;8.121362
2024-01-18;100611;9.097971
2024-01-19;100611;8.393465
2024-01-20;100611;8.739845
2024-01-21;100611;8.786845
2024-01-22;100611;8.416945
2024-01-23;100611;8.434351
2024-01-24;100611;8.407001
2024-01-25;100611;8.593638
2024-01-26;100611;7.1937776
2024-01-27;100611;8.252425
2024-01-28;100611;7.846409
2024-01-29;100611;7.9862328
2024-01-30;100611;8.237794
2024-01-31;100611;7.8449254
2024-01-01;100612;6.542329
2024-01-02;100612;5.074515
2024-01-03;100612;6.1331596
2024-01-04;100612;6.444008
2024-01-05;100612;6.4054446
2024-01-06;100612;7.1982303
2024-01-07;100612;5.812858
2024-01-08;100612;6.343143
2024-01-09;100612;6.3727894
2024-01-10;100612;5.412729
2024-01-11;100612;6.051691
2024-01-12;100612;5.979274
2024-01-13;100612;6.214323
2024-01-14;100612;6.1997495
2024-01-15;100612;5.5377626
2024-01-16;100612;6.248973
2024-01-17;100612;6.355692
2024-01-18;100612;6.790109
2024-01-19;100612;6.2512035
2024-01-20;100612;6.6877103
2024-01-21;100612;6.4252677
2024-01-22;100612;6.408106
2024-01-23;100612;6.456143
2024-01-24;100612;6.4055367
2024-01-25;100612;6.3388605
2024-01-26;100612;6.49453
2024-01-27;100612;6.8409123
2024-01-28;100612;6.887912
2024-01-29;100612;5.6730356
2024-01-30;100612;5.6785607
2024-01-31;100612;6.9245987
2024-01-01;100613;2.8601847
2024-01-02;100613;1.1523135
2024-01-03;100613;1.9001234
2024-01-04;100613;2.5406814
2024-01-05;100613;2.5715806
2024-01-06;100613;2.9809737
2024-01-07;100613;2.9664006
2024-01-08;100613;2.304413
2024-01-09;100613;3.0156226
2024-01-10;100613;3.5567584
2024-01-11;100613;2.445211
2024-01-12;100613;3.0920825
2024-01-13;100613;4.1549063
2024-01-14;100613;3.6056411
2024-01-15;100613;3.1739156
2024-01-16;100613;2.9510837
2024-01-17;100613;3.045909
2024-01-18;100613;3.0270598
2024-01-19;100613;3.3734415
2024-01-20;100613;3.162282
2024-01-21;100613;2.71838
2024-01-22;100613;2.5195916
2024-01-23;100613;2.2731543
2024-01-24;100613;2.4219997
2024-01-25;100613;1.8997223
2024-01-26;100613;3.2850957
2024-01-27;100613;3.0114625
2024-01-28;100613;1.7598987
2024-01-29;100613;2.165911
2024-01-30;100613;2.979233
2024-01-31;100613;3.2109125
2024-01-01;100614;4.2335734
2024-01-02;100614;4.1426735
2024-01-03;100614;4.1056237
2024-01-04;100614;4.118637
2024-01-05;100614;3.1826115
2024-01-06;100614;4.1040635
2024-01-07;100614;3.442076
2024-01-08;100614;4.1532865
2024-01-09;100614;4.694422
2024-01-10;100614;3.5828733
2024-01-11;100614;4.2297454
2024-01-12;100614;5.0486226
2024-01-13;100614;4.4993587
2024-01-14;100614;4.1408076
2024-01-15;100614;4.160639
2024-01-16;100614;4.038948
2024-01-17;100614;4.1143456
2024-01-18;100614;4.460727
2024-01-19;100614;4.308509
2024-01-20;100614;3.864607
2024-01-21;100614;3.7333672
2024-01-22;100614;3.5287008
2024-01-23;100614;3.7153375
2024-01-24;100614;3.2363
2024-01-25;100614;4.6216726
2024-01-26;100614;4.348041
2024-01-27;100614;3.0964763
2024-01-28;100614;3.502488
2024-01-29;100614;2.4438446
2024-01-30;100614;3.8012848
2024-01-31;100614;3.770386
2024-01-01;100621;1.5401837
2024-01-02;100621;2.591145
2024-01-03;100621;2.1588569
2024-01-04;100621;2.1279578
2024-01-05;100621;1.0994449
2024-01-06;100621;2.1580892
2024-01-07;100621;1.7520764
2024-01-08;100621;3.0036411
2024-01-09;100621;3.2896833
2024-01-10;100621;1.9043094
2024-01-11;100621;2.2399492
2024-01-12;100621;2.444615
2024-01-13;100621;2.5324848
2024-01-14;100621;2.9763877
2024-01-15;100621;3.1391814
2024-01-16;100621;2.7607906
2024-01-17;100621;2.4265866
2024-01-18;100621;2.5002449
2024-01-19;100621;2.4868286
2024-01-20;100621;2.6853936
2024-01-21;100621;2.4722545
2024-01-22;100621;1.8102671
2024-01-23;100621;2.5214777
2024-01-24;100621;1.9139477
2024-01-25;100621;3.025496
2024-01-26;100621;3.1721358
2024-01-27;100621;2.6228714
2024-01-28;100621;2.60571
2024-01-29;100621;2.7131445
2024-01-30;100621;2.7520688
2024-01-31;100621;2.56082
2024-01-01;100638;3.312769
2024-01-02;100638;3.6631236
2024-01-03;100638;3.3721294
2024-01-04;100638;3.4917343
2024-01-05;100638;3.857375
2024-01-06;100638;6.8208957
2024-01-07;100638;5.8915024
2024-01-08;100638;6.294642
2024-01-09;100638;6.697182
2024-01-10;100638;7.878983
2024-01-11;100638;7.507925
2024-01-12;100638;3.3209586
2024-01-13;100638;6.6343956
2024-01-14;100638;6.3814664
2024-01-15;100638;3.9538486
2024-01-16;100638;3.921339
2024-01-17;100638;3.3100235
2024-01-18;100638;2.7693262
2024-01-19;100638;3.8808753
2024-01-20;100638;3.3397386
2024-01-21;100638;2.6285284
2024-01-22;100638;3.2905157
2024-01-23;100638;3.3050895
2024-01-24;100638;3.0068533
2024-01-25;100638;3.0021563
2024-01-26;100638;2.9937873
2024-01-27;100638;3.8979173
2024-01-28;100638;5.948127
2024-01-29;100638;3.3720741
2024-01-30;100638;4.9243727
2024-01-31;100638;3.3891542
2024-01-01;100639;1.9202937
2024-01-02;100639;3.0518868
2024-01-03;100639;1.6665145
2024-01-04;100639;2.1887906
2024-01-05;100639;2.0021534
2024-01-06;100639;2.2068193
2024-01-07;100639;2.3316765
2024-01-08;100639;2.7755792
2024-01-09;100639;2.9698293
2024-01-10;100639;2.6041896
2024-01-11;100639;2.5029294
2024-01-12;100639;2.5696049
2024-01-13;100639;2.5777946
2024-01-14;100639;2.5090585
2024-01-15;100639;2.7658448
2024-01-16;100639;2.6778314
2024-01-17;100639;3.0412433
2024-01-18;100639;2.4299273
2024-01-19;100639;1.8892298
2024-01-20;100639;3.0007784
2024-01-21;100639;2.4596424
2024-01-22;100639;1.7484325
2024-01-23;100639;2.4104195
2024-01-24;100639;2.4249933
2024-01-25;100639;2.1267571
2024-01-26;100639;2.1220596
2024-01-27;100639;1.4682136
2024-01-28;100639;2.7337623
2024-01-29;100639;1.5142813
2024-01-30;100639;2.4919784
2024-01-31;100639;0.7476943
2024-01-01;100644;0.7128914
2024-01-02;100644;2.8268595
2024-01-03;100644;1.4794786
2024-01-04;100644;2.731042
2024-01-05;100644;3.017084
2024-01-06;100644;1.6317116
2024-01-07;100644;2.1539876
2024-01-08;100644;1.9673505
2024-01-09;100644;6.6317573
2024-01-10;100644;6.6323986
2024-01-11;100644;5.202444
2024-01-12;100644;5.7087197
2024-01-13;100644;5.670957
2024-01-14;100644;5.581009
2024-01-15;100644;5.4673643
2024-01-16;100644;1.8854908
2024-01-17;100644;6.0780387
2024-01-18;100644;2.9082038
2024-01-19;100644;2.2968884
2024-01-20;100644;1.7561905
2024-01-21;100644;2.8677385
2024-01-22;100644;2.326603
2024-01-23;100644;1.615393
2024-01-24;100644;2.27738
2024-01-25;100644;2.2919538
2024-01-26;100644;1.9937177
2024-01-27;100644;1.9890201
2024-01-28;100644;1.617242
2024-01-29;100644;2.8827903
2024-01-30;100644;2.358939
2024-01-31;100644;5.3401833
2024-01-01;100645;3.6524613
2024-01-02;100645;3.4018123
2024-01-03;100645;2.280069
2024-01-04;100645;2.367058
2024-01-05;100645;2.3564255
2024-01-06;100645;2.5558634
2024-01-07;100645;1.8938763
2024-01-08;100645;2.6050863
2024-01-09;100645;3.1462219
2024-01-10;100645;2.034674
2024-01-11;100645;2.5753717
2024-01-12;100645;2.136264
2024-01-13;100645;2.5083635
2024-01-14;100645;2.5254436
2024-01-15;100645;2.5429916
2024-01-16;100645;2.5348015
2024-01-17;100645;2.4681265
2024-01-18;100645;3.0576284
2024-01-19;100645;2.9350264
2024-01-20;100645;2.5693867
2024-01-21;100645;4.7807426
2024-01-22;100645;5.7790174
2024-01-23;100645;6.212357
2024-01-24;100645;7.338815
2024-01-25;100645;5.722393
2024-01-26;100645;6.528073
2024-01-27;100645;6.1255326
2024-01-28;100645;6.4652863
2024-01-29;100645;6.6517863
2024-01-30;100645;2.7407763
2024-01-31;100645;7.7098737
2024-01-01;100646;2.4290493
2024-01-02;100646;2.5172052
2024-01-03;100646;2.4438043
2024-01-04;100646;2.5104792
2024-01-05;100646;2.4353945
2024-01-06;100646;2.442002
2024-01-07;100646;2.214607
2024-01-08;100646;2.2599006
2024-01-09;100646;1.6441956
2024-01-10;100646;2.7557425
2024-01-11;100646;2.1653845
2024-01-12;100646;1.5033973
2024-01-13;100646;2.6371458
2024-01-14;100646;2.882845
2024-01-15;100646;1.4226618
2024-01-16;100646;2.2446923
2024-01-17;100646;2.119835
2024-01-18;100646;1.915169
2024-01-19;100646;2.1018062
2024-01-20;100646;1.5795302
2024-01-21;100646;2.9649024
2024-01-22;100646;2.6788604
2024-01-23;100646;1.427297
2024-01-24;100646;1.8333094
2024-01-25;100646;1.9329171
2024-01-26;100646;2.3427415
2024-01-27;100646;2.1799579
2024-01-28;100646;2.370169
2024-01-29;100646;0.66644853
2024-01-30;100646;2.6885948
2024-01-31;100646;1.9376144
2024-01-01;100648;0.5188505
2024-01-02;100648;1.6857111
2024-01-03;100648;2.5312622
2024-01-04;100648;1.2796994
2024-01-05;100648;2.2944038
2024-01-06;100648;2.195143
2024-01-07;100648;2.2847717
2024-01-08;100648;1.337265
2024-01-09;100648;1.84752
2024-01-10;100648;1.8522171
2024-01-11;100648;2.0323596
2024-01-12;100648;2.0177863
2024-01-13;100648;1.3557993
2024-01-14;100648;2.6081448
2024-01-15;100648;1.4965972
2024-01-16;100648;2.1123018
2024-01-17;100648;2.4895465
2024-01-18;100648;5.676229
2024-01-19;100648;2.0670087
2024-01-20;100648;5.3419747
2024-01-21;100648;5.0384736
2024-01-22;100648;2.817304
2024-01-23;100648;1.431932
2024-01-24;100648;1.954208
2024-01-25;100648;6.387843
2024-01-26;100648;1.7675707
2024-01-27;100648;5.0770545
2024-01-28;100648;5.58333
2024-01-29;100648;5.5455675
2024-01-30;100648;5.4556193
2024-01-31;100648;6.3884845
2024-01-01;100650;2.8692431
2024-01-02;100650;3.0148869
2024-01-03;100650;3.000749
2024-01-04;100650;2.623504
2024-01-05;100650;2.0163102
2024-01-06;100650;2.4737513
2024-01-07;100650;1.7915192
2024-01-08;100650;2.4553714
2024-01-09;100650;2.5500877
2024-01-10;100650;2.306472
2024-01-11;100650;2.3017745
2024-01-12;100650;2.8863232
2024-01-13;100650;1.7625412
2024-01-14;100650;3.1167636
2024-01-15;100650;8.983616
2024-01-16;100650;2.8222795
2024-01-17;100650;2.8956804
2024-01-18;100650;3.2613206
2024-01-19;100650;3.0670702
2024-01-20;100650;11.494396
2024-01-21;100650;11.0145855
2024-01-22;100650;10.539915
2024-01-23;100650;11.017528
2024-01-24;100650;11.758034
2024-01-25;100650;11.667101
2024-01-26;100650;10.3503
2024-01-27;100650;9.5692425
2024-01-28;100650;9.798503
2024-01-29;100650;3.1473002
2024-01-30;100650;9.514485
2024-01-31;100650;8.798404
2024-01-01;100651;0.9284287
2024-01-02;100651;0.5224168
2024-01-03;100651;1.0102892
2024-01-04;100651;1.1170185
2024-01-05;100651;1.220338
2024-01-06;100651;1.66424
2024-01-07;100651;1.8584902
2024-01-08;100651;1.4928509
2024-01-09;100651;1.2973295
2024-01-10;100651;1.3810197
2024-01-11;100651;1.3892094
2024-01-12;100651;1.3828641
2024-01-13;100651;3.4312131
2024-01-14;100651;3.1391292
2024-01-15;100651;2.7802124
2024-01-16;100651;1.1969256
2024-01-17;100651;2.698428
2024-01-18;100651;2.7978675
2024-01-19;100651;2.6786525
2024-01-20;100651;2.6084716
2024-01-21;100651;3.0829885
2024-01-22;100651;2.8443725
2024-01-23;100651;3.215184
2024-01-24;100651;2.2760816
2024-01-25;100651;3.0217936
2024-01-26;100651;2.0721226
2024-01-27;100651;0.6746494
2024-01-28;100651;2.0600216
2024-01-29;100651;1.7739794
2024-01-30;100651;-0.19221033
2024-01-31;100651;3.1610696
2024-01-01;100656;1.280714
2024-01-02;100656;2.013897
2024-01-03;100656;1.8108178
2024-01-04;100656;1.8779187
2024-01-05;100656;1.1323134
2024-01-06;100656;1.1353012
2024-01-07;100656;1.524016
2024-01-08;100656;1.7182664
2024-01-09;100656;1.3526269
2024-01-10;100656;1.1571056
2024-01-11;100656;1.2249113
2024-01-12;100656;1.1685702
2024-01-13;100656;1.1622247
2024-01-14;100656;1.1451445
2024-01-15;100656;1.8187952
2024-01-16;100656;1.3519611
2024-01-17;100656;0.9747158
2024-01-18;100656;0.41555718
2024-01-19;100656;1.5271046
2024-01-20;100656;0.98596954
2024-01-21;100656;0.2747595
2024-01-22;100656;0.9367467
2024-01-23;100656;0.9707366
2024-01-24;100656;0.803356
2024-01-25;100656;0.7986588
2024-01-26;100656;0.28840324
2024-01-27;100656;1.2484652
2024-01-28;100656;1.1203727
2024-01-29;100656;2.7132063
2024-01-30;100656;1.9026145
2024-01-31;100656;2.5178845
2024-01-01;100657;0.7128964
2024-01-02;100657;1.2484652
2024-01-03;100657;0.45911732
2024-01-04;100657;0.98139346
2024-01-05;100657;0.7947568
2024-01-06;100657;0.9994229
2024-01-07;100657;1.0801142
2024-01-08;100657;1.524016
2024-01-09;100657;1.7182664
2024-01-10;100657;1.3526269
2024-01-11;100657;1.1571056
2024-01-12;100657;1.2249113
2024-01-13;100657;1.1685702
2024-01-14;100657;1.1451445
2024-01-15;100657;1.3519611
2024-01-16;100657;0.9747158
2024-01-17;100657;0.41555718
2024-01-18;100657;1.5271046
2024-01-19;100657;0.98596954
2024-01-20;100657;0.2747595
2024-01-21;100657;0.9367467
2024-01-22;100657;0.9707366
2024-01-23;100657;0.803356
2024-01-24;100657;0.7986588
2024-01-25;100657;0.28840324
2024-01-26;100657;1.1203727
2024-01-27;100657;1.1622247
2024-01-28;100657;1.5584475
2024-01-29;100657;0.30688453
2024-01-30;100657;-0.33131275
2024-01-31;100657;1.844489
2024-01-01;100662;3.9247408
2024-01-02;100662;-0.30803517
2024-01-03;100662;0.7361739
2024-01-04;100662;0.33016217
2024-01-05;100662;1.5817252
2024-01-06;100662;1.8677667
2024-01-07;100662;0.48239496
2024-01-08;100662;1.004671
2024-01-09;100662;0.8180344
2024-01-10;100662;1.0227004
2024-01-11;100662;1.1033918
2024-01-12;100662;1.5472935
2024-01-13;100662;1.7415441
2024-01-14;100662;1.1803831
2024-01-15;100662;1.2481889
2024-01-16;100662;1.1918477
2024-01-17;100662;6.5715675
2024-01-18;100662;6.817797
2024-01-19;100662;6.298903
2024-01-20;100662;5.883602
2024-01-21;100662;6.478335
2024-01-22;100662;5.963996
2024-01-23;100662;5.763734
2024-01-24;100662;4.641415
2024-01-25;100662;4.121362
2024-01-26;100662;4.3088536
2024-01-27;100662;3.848381
2024-01-28;100662;1.3759044
2024-01-29;100662;4.4830356
2024-01-30;100662;3.7867131
2024-01-31;100662;3.995447
2024-01-01;100663;-0.30803517
2024-01-02;100663;5.428177
2024-01-03;100663;4.7714148
2024-01-04;100663;4.8239746
2024-01-05;100663;5.646271
2024-01-06;100663;5.4772325
2024-01-07;100663;5.7246094
2024-01-08;100663;5.424868
2024-01-09;100663;4.9526253
2024-01-10;100663;5.8883686
2024-01-11;100663;6.075204
2024-01-12;100663;6.046711
2024-01-13;100663;6.496026
2024-01-14;100663;6.795235
2024-01-15;100663;6.834939
2024-01-16;100663;0.7361739
2024-01-17;100663;1.1918477
2024-01-18;100663;0.33016217
2024-01-19;100663;1.5817252
2024-01-20;100663;1.8677667
2024-01-21;100663;0.48239496
2024-01-22;100663;6.4893303
2024-01-23;100663;0.8180344
2024-01-24;100663;1.004671
2024-01-25;100663;1.1033918
2024-01-26;100663;1.5472935
2024-01-27;100663;1.7415441
2024-01-28;100663;1.3759044
2024-01-29;100663;1.1803831
2024-01-30;100663;1.2481889
2024-01-31;100663;1.0227004
2024-01-01;100664;7.283366
2024-01-02;100664;6.632192
2024-01-03;100664;6.272855
2024-01-04;100664;6.816457
2024-01-05;100664;6.1530404
2024-01-06;100664;4.3081584
2024-01-07;100664;4.830459
2024-01-08;100664;4.14811
2024-01-09;100664;4.091086
2024-01-10;100664;3.630613
2024-01-11;100664;7.0371385
2024-01-12;100664;5.9527783
2024-01-13;100664;1.2481889
2024-01-14;100664;1.004671
2024-01-15;100664;1.3759044
2024-01-16;100664;1.7415441
2024-01-17;100664;1.5472935
2024-01-18;100664;1.1033918
2024-01-19;100664;1.0227004
2024-01-20;100664;0.8180344
2024-01-21;100664;0.48239496
2024-01-22;100664;1.8677667
2024-01-23;100664;1.5817252
2024-01-24;100664;0.33016217
2024-01-25;100664;0.7361739
2024-01-26;100664;-0.30803517
2024-01-27;100664;3.3509827
2024-01-28;100664;1.1803831
2024-01-29;100664;3.4093392
2024-01-30;100664;1.1918477
2024-01-31;100664;3.2137723
2024-01-01;100665;4.9387627
2024-01-02;100665;4.5466123
2024-01-03;100665;5.058748
2024-01-04;100665;6.4726224
2024-01-05;100665;5.9067173
2024-01-06;100665;6.2992563
2024-01-07;100665;5.829395
2024-01-08;100665;5.867434
2024-01-09;100665;6.803179
2024-01-10;100665;6.990014
2024-01-11;100665;7.2350574
2024-01-12;100665;7.552286
2024-01-13;100665;7.8223443
2024-01-14;100665;8.325053
2024-01-15;100665;8.078824
2024-01-16;100665;-0.30803517
2024-01-17;100665;1.2481889
2024-01-18;100665;1.1918477
2024-01-19;100665;0.33016217
2024-01-20;100665;1.5817252
2024-01-21;100665;1.8677667
2024-01-22;100665;0.48239496
2024-01-23;100665;1.004671
2024-01-24;100665;0.7361739
2024-01-25;100665;1.0227004
2024-01-26;100665;1.1033918
2024-01-27;100665;1.5472935
2024-01-28;100665;1.7415441
2024-01-29;100665;1.3759044
2024-01-30;100665;1.1803831
2024-01-31;100665;0.8180344
2024-01-01;100668;1.2504253
2024-01-02;100668;1.4583738
2024-01-03;100668;1.0811286
2024-01-04;100668;0.5219696
2024-01-05;100668;1.6335173
2024-01-06;100668;1.0431592
2024-01-07;100668;0.38117173
2024-01-08;100668;1.0577328
2024-01-09;100668;0.8903519
2024-01-10;100668;0.8856547
2024-01-11;100668;4.403817
2024-01-12;100668;1.3354609
2024-01-13;100668;1.092382
2024-01-14;100668;0.37539914
2024-01-15;100668;4.323316
2024-01-16;100668;3.811396
2024-01-17;100668;3.7278092
2024-01-18;100668;4.2815456
2024-01-19;100668;5.4189854
2024-01-20;100668;4.001719
2024-01-21;100668;1.0888187
2024-01-22;100668;0.8841528
2024-01-23;100668;1.0707895
2024-01-24;100668;0.54851365
2024-01-25;100668;1.9338855
2024-01-26;100668;1.6478437
2024-01-27;100668;0.39628056
2024-01-28;100668;1.2073686
2024-01-29;100668;-0.24191667
2024-01-30;100668;3.705992
2024-01-31;100668;0.8022925
2024-01-01;100683;1.2504253
2024-01-02;100683;1.6335173
2024-01-03;100683;1.0707895
2024-01-04;100683;0.54851365
2024-01-05;100683;1.9338855
2024-01-06;100683;1.6478437
2024-01-07;100683;0.39628056
2024-01-08;100683;1.5316069
2024-01-09;100683;1.4272281
2024-01-10;100683;2.9720647
2024-01-11;100683;1.915298
2024-01-12;100683;1.9531915
2024-01-13;100683;1.7284544
2024-01-14;100683;1.5367421
2024-01-15;100683;2.0218651
2024-01-16;100683;1.4583738
2024-01-17;100683;1.0811286
2024-01-18;100683;0.5219696
2024-01-19;100683;-0.24191667
2024-01-20;100683;1.2073686
2024-01-21;100683;1.3354609
2024-01-22;100683;0.8841528
2024-01-23;100683;0.8856547
2024-01-24;100683;0.8903519
2024-01-25;100683;0.37539914
2024-01-26;100683;1.0431592
2024-01-27;100683;0.38117173
2024-01-28;100683;0.8022925
2024-01-29;100683;1.092382
2024-01-30;100683;1.0577328
2024-01-31;100683;1.4924115
2024-01-01;100686;1.0014486
2024-01-02;100686;0.55120313
2024-01-03;100686;1.5112641
2024-01-04;100686;1.383172
2024-01-05;100686;1.0061457
2024-01-06;100686;1.2374746
2024-01-07;100686;-0.07641438
2024-01-08;100686;1.1735265
2024-01-09;100686;1.158953
2024-01-10;100686;0.49696603
2024-01-11;100686;1.2081761
2024-01-12;100686;1.749311
2024-01-13;100686;0.63776344
2024-01-14;100686;1.1969228
2024-01-15;100686;1.5741675
2024-01-16;100686;1.4225627
2024-01-17;100686;1.8412907
2024-01-18;100686;1.5151289
2024-01-19;100686;1.9315777
2024-01-20;100686;1.8936844
2024-01-21;100686;0.83146304
2024-01-22;100686;1.7068411
2024-01-23;100686;1.7571371
2024-01-24;100686;0.65780663
2024-01-25;100686;1.1800829
2024-01-26;100686;2.043179
2024-01-27;100686;1.3727112
2024-01-28;100686;1.4334444
2024-01-29;100686;1.4056146
2024-01-30;100686;2.9504511
2024-01-31;100686;0.9934462
2024-01-01;100691;1.6099968
2024-01-02;100691;2.3384202
2024-01-03;100691;2.1441703
2024-01-04;100691;1.7002674
2024-01-05;100691;1.4386102
2024-01-06;100691;1.276627
2024-01-07;100691;1.1029706
2024-01-08;100691;2.4883432
2024-01-09;100691;2.2023015
2024-01-10;100691;1.9727805
2024-01-11;100691;1.6534911
2024-01-12;100691;0.33960152
2024-01-13;100691;1.6252474
2024-01-14;100691;1.7772588
2024-01-15;100691;3.8545732
2024-01-16;100691;1.8046074
2024-01-17;100691;1.7982621
2024-01-18;100691;4.5705404
2024-01-19;100691;4.368745
2024-01-20;100691;3.4538639
2024-01-21;100691;4.264433
2024-01-22;100691;3.447649
2024-01-23;100691;2.9379659
2024-01-24;100691;3.1072226
2024-01-25;100691;3.0747902
2024-01-26;100691;2.929276
2024-01-27;100691;2.3687506
2024-01-28;100691;2.4100084
2024-01-29;100691;2.1964939
2024-01-30;100691;1.8609486
2024-01-31;100691;2.600727
